,Processing_Time,Error_Rate,Token_Usage,Cost,Success_Rate
Processing_Time,1.0,0.12986874402836512,-0.019698650784920117,-0.00886191104327304,-0.019962847392889203
Error_Rate,0.12986874402836512,1.0,0.06324374658419203,-0.034571688386168885,0.02490415681297308
Token_Usage,-0.019698650784920117,0.06324374658419203,1.0,-0.09823748698269266,-0.14960326515108996
Cost,-0.00886191104327304,-0.034571688386168885,-0.09823748698269266,1.0,0.027677922202204244
Success_Rate,-0.019962847392889203,0.02490415681297308,-0.14960326515108996,0.027677922202204244,1.0
