date,product,category,region,price,quantity,total
2026-04-25,External SSD,Audio,South,205.23,4,820.91
2026-02-18,Gaming Console,Gaming,South,373.81,1,373.81
2026-03-06,Laptop Pro,Computers,West,1315.86,4,5263.45
2026-05-16,Keyboard Mech,Computers,West,121.34,4,485.36
2026-07-11,Mouse Pro,Gaming,East,71.6,1,71.6
2026-02-18,Monitor Ultra,Gaming,North,306.57,5,1532.86
2026-03-26,Laptop Pro,Computers,Central,1207.41,3,3622.23
2026-02-18,Keyboard Mech,Accessories,South,121.16,5,605.82
2026-05-10,Wireless Earbuds,Audio,Central,174.95,3,524.84
2026-06-26,Wireless Earbuds,Audio,West,155.65,3,466.96
2026-02-19,Keyboard Mech,Accessories,West,121.32,1,121.32
2026-04-03,Laptop Pro,Audio,South,1000.54,3,3001.63
2026-06-23,Tablet Air,Accessories,West,474.12,4,1896.46
2026-02-08,Monitor Ultra,Audio,Central,354.4,2,708.8
2026-05-13,Smart Watch,Gaming,Central,260.24,4,1040.96
2026-07-08,Gaming Console,Audio,East,398.74,4,1594.96
2026-04-29,Keyboard Mech,Accessories,South,131.44,1,131.44
2026-04-06,Wireless Earbuds,Electronics,West,143.31,4,573.23
2026-05-01,Wireless Earbuds,Electronics,East,126.81,2,253.61
2026-04-28,Tablet Air,Computers,Central,531.41,5,2657.04
2026-02-11,Gaming Console,Accessories,West,525.79,5,2628.94
2026-07-11,Gaming Console,Audio,West,406.6,1,406.6
2026-05-01,External SSD,Computers,East,239.97,2,479.95
2026-06-25,Smart Watch,Electronics,East,338.32,1,338.32
2026-05-14,Gaming Console,Accessories,East,421.3,3,1263.9
2026-03-23,Gaming Console,Electronics,South,361.49,2,722.99
2026-04-10,Wireless Earbuds,Audio,Central,160.23,2,320.45
2026-01-25,Gaming Console,Electronics,South,450.92,4,1803.69
2026-06-25,Laptop Pro,Audio,East,964.17,5,4820.85
2026-04-17,Gaming Console,Electronics,South,494.09,2,988.17
2026-02-05,Monitor Ultra,Audio,East,373.04,5,1865.19
2026-03-06,Keyboard Mech,Audio,East,103.23,3,309.7
2026-07-12,Laptop Pro,Computers,Central,1366.2,3,4098.61
2026-02-22,Monitor Ultra,Gaming,South,289.02,5,1445.09
2026-01-16,Smart Watch,Gaming,North,269.33,1,269.33
2026-04-21,Smart Watch,Accessories,Central,285.11,1,285.11
2026-04-06,Laptop Pro,Gaming,West,1253.35,2,2506.7
2026-03-30,External SSD,Audio,South,193.5,3,580.49
2026-02-15,Tablet Air,Audio,Central,441.6,1,441.6
2026-04-25,Gaming Console,Accessories,North,526.11,1,526.11
2026-04-24,Smartphone X,Gaming,West,834.77,2,1669.54
2026-06-08,Smartphone X,Electronics,North,889.62,1,889.62
2026-04-09,Laptop Pro,Accessories,East,1256.1,1,1256.1
2026-03-09,Gaming Console,Accessories,West,527.95,3,1583.84
2026-03-24,Laptop Pro,Computers,Central,1157.09,4,4628.34
2026-06-25,Smart Watch,Electronics,East,347.67,2,695.33
2026-04-05,Laptop Pro,Gaming,West,1052.65,3,3157.96
2026-06-20,Smart Watch,Accessories,East,284.87,2,569.75
2026-06-14,Monitor Ultra,Computers,West,389.55,4,1558.21
2026-05-19,External SSD,Computers,East,239.09,4,956.36
2026-01-16,External SSD,Gaming,Central,230.99,4,923.98
2026-01-17,Tablet Air,Gaming,North,537.29,2,1074.58
2026-05-01,Monitor Ultra,Computers,South,319.16,3,957.47
2026-05-28,External SSD,Gaming,East,193.74,1,193.74
2026-05-26,External SSD,Electronics,East,166.42,1,166.42
2026-03-16,Wireless Earbuds,Audio,North,163.69,2,327.37
2026-02-11,Keyboard Mech,Gaming,Central,117.82,1,117.82
2026-06-02,Laptop Pro,Gaming,East,1399.2,2,2798.41
2026-03-04,Tablet Air,Electronics,North,558.96,2,1117.93
2026-03-21,Mouse Pro,Audio,East,73.97,2,147.95
2026-05-03,External SSD,Audio,East,207.55,1,207.55
2026-02-11,Tablet Air,Computers,West,485.74,1,485.74
2026-06-03,Monitor Ultra,Gaming,East,336.62,1,336.62
2026-06-12,Keyboard Mech,Gaming,South,134.82,1,134.82
2026-04-29,Smart Watch,Gaming,North,277.24,5,1386.18
2026-06-11,Smartphone X,Audio,West,704.42,1,704.42
2026-01-29,Monitor Ultra,Audio,East,294.71,4,1178.83
2026-05-24,Monitor Ultra,Accessories,East,408.63,3,1225.9
2026-01-16,Smartphone X,Computers,East,770.3,2,1540.61
2026-07-08,Tablet Air,Gaming,South,406.87,4,1627.46
2026-04-08,Smartphone X,Gaming,West,775.55,4,3102.22
2026-02-06,Keyboard Mech,Accessories,West,143.55,1,143.55
2026-04-07,Wireless Earbuds,Audio,West,149.86,2,299.72
2026-02-17,Smart Watch,Accessories,West,242.19,3,726.57
2026-06-28,Keyboard Mech,Audio,Central,97.3,1,97.3
2026-04-23,Laptop Pro,Computers,South,1228.06,1,1228.06
2026-04-08,External SSD,Gaming,South,229.29,1,229.29
2026-07-10,Monitor Ultra,Computers,Central,406.69,3,1220.07
2026-05-23,Laptop Pro,Computers,Central,1020.98,2,2041.97
2026-05-17,Smart Watch,Accessories,North,257.41,5,1287.04
2026-02-06,External SSD,Audio,East,239.24,3,717.73
2026-01-18,Smartphone X,Electronics,South,938.57,4,3754.26
2026-01-31,Smartphone X,Electronics,North,717.06,3,2151.18
2026-01-29,External SSD,Computers,North,184.52,4,738.1
2026-05-08,Smartphone X,Gaming,South,954.69,4,3818.78
2026-01-17,Tablet Air,Electronics,South,480.39,1,480.39
2026-01-29,Keyboard Mech,Electronics,West,121.7,5,608.52
2026-05-22,Keyboard Mech,Gaming,East,109.55,3,328.66
2026-05-17,Keyboard Mech,Computers,Central,98.33,1,98.33
2026-04-11,Smartphone X,Audio,Central,742.9,1,742.9
2026-01-25,Keyboard Mech,Gaming,South,110.47,1,110.47
2026-06-23,Smartphone X,Accessories,South,782.52,2,1565.05
2026-07-08,External SSD,Gaming,East,229.63,3,688.88
2026-04-29,Monitor Ultra,Gaming,South,377.58,3,1132.75
2026-06-23,Tablet Air,Accessories,Central,584.62,2,1169.23
2026-04-30,Monitor Ultra,Electronics,East,370.55,1,370.55
2026-02-01,Monitor Ultra,Gaming,South,304.29,5,1521.44
2026-05-22,Mouse Pro,Accessories,South,94.05,2,188.11
2026-03-01,Tablet Air,Accessories,North,441.36,3,1324.08
2026-01-18,Keyboard Mech,Electronics,North,142.01,5,710.03
2026-04-09,External SSD,Electronics,West,183.23,4,732.94
2026-03-07,Smart Watch,Electronics,South,254.96,5,1274.8
2026-02-07,External SSD,Computers,Central,186.82,1,186.82
2026-04-01,External SSD,Electronics,Central,235.43,5,1177.13
2026-04-20,Wireless Earbuds,Electronics,East,147.88,2,295.77
2026-04-06,Laptop Pro,Audio,South,1105.74,1,1105.74
2026-02-28,Keyboard Mech,Electronics,North,111.74,1,111.74
2026-02-02,Gaming Console,Electronics,South,366.46,2,732.91
2026-02-26,Mouse Pro,Gaming,Central,80.64,4,322.56
2026-04-09,Smartphone X,Gaming,South,663.45,2,1326.89
2026-04-15,Laptop Pro,Electronics,East,1218.95,4,4875.81
2026-04-02,External SSD,Accessories,Central,180.12,3,540.36
2026-03-16,External SSD,Computers,Central,207.43,5,1037.15
2026-05-29,Mouse Pro,Gaming,Central,88.66,2,177.32
2026-06-28,External SSD,Gaming,East,177.71,3,533.13
2026-02-17,Monitor Ultra,Accessories,Central,282.43,3,847.29
2026-02-17,Smartphone X,Gaming,South,927.39,2,1854.78
2026-02-20,Mouse Pro,Audio,West,83.16,3,249.49
2026-01-30,External SSD,Computers,North,227.31,5,1136.57
2026-02-03,Mouse Pro,Electronics,Central,72.33,4,289.3
2026-05-26,Gaming Console,Gaming,North,513.33,4,2053.33
2026-01-24,Smartphone X,Gaming,East,758.69,2,1517.38
2026-06-30,Gaming Console,Accessories,West,445.7,2,891.39
2026-01-19,External SSD,Electronics,Central,232.28,2,464.57
2026-04-16,Monitor Ultra,Gaming,Central,349.26,3,1047.79
2026-04-05,Wireless Earbuds,Accessories,South,177.5,1,177.5
2026-05-29,Laptop Pro,Electronics,South,979.55,1,979.55
2026-01-16,Smartphone X,Audio,West,713.42,4,2853.69
2026-01-17,Smartphone X,Gaming,North,647.58,3,1942.74
2026-02-09,Keyboard Mech,Electronics,Central,106.67,2,213.34
2026-01-28,Tablet Air,Gaming,East,503.42,5,2517.1
2026-06-26,Smart Watch,Computers,East,326.29,1,326.29
2026-07-08,Monitor Ultra,Gaming,Central,389.77,4,1559.07
2026-04-10,Smartphone X,Accessories,West,812.8,4,3251.18
2026-02-05,Smart Watch,Computers,East,310.25,2,620.51
2026-01-28,Smart Watch,Accessories,Central,319.24,4,1276.96
2026-05-12,Smart Watch,Audio,West,303.61,3,910.83
2026-07-02,Gaming Console,Gaming,South,379.69,1,379.69
2026-06-08,External SSD,Electronics,West,193.8,1,193.8
2026-02-01,External SSD,Gaming,Central,223.38,2,446.76
2026-01-27,Laptop Pro,Gaming,West,1364.39,1,1364.39
2026-02-14,External SSD,Computers,Central,161.43,3,484.28
2026-05-14,Mouse Pro,Accessories,East,79.81,5,399.04
2026-05-04,External SSD,Electronics,South,173.72,1,173.72
2026-01-15,Smart Watch,Gaming,South,267.21,1,267.21
2026-03-24,Mouse Pro,Gaming,East,69.7,1,69.7
2026-02-26,Smart Watch,Electronics,North,253.48,2,506.95
2026-03-14,Smart Watch,Gaming,North,250.61,5,1253.04
2026-05-09,External SSD,Accessories,West,203.23,2,406.45
2026-05-03,Smart Watch,Gaming,North,302.57,4,1210.29
2026-01-17,Keyboard Mech,Electronics,Central,118.61,1,118.61
2026-06-13,Tablet Air,Computers,Central,478.99,2,957.97
2026-02-25,Laptop Pro,Computers,Central,1054.51,5,5272.55
2026-02-16,Wireless Earbuds,Computers,West,172.36,1,172.36
2026-07-09,Gaming Console,Electronics,South,411.0,2,822.01
2026-04-18,Monitor Ultra,Audio,North,338.93,4,1355.71
2026-02-01,Smartphone X,Computers,North,904.29,3,2712.88
2026-03-29,Keyboard Mech,Accessories,North,123.46,3,370.37
2026-04-02,Keyboard Mech,Gaming,South,134.14,1,134.14
2026-05-01,Smart Watch,Gaming,West,240.26,3,720.79
2026-02-16,Keyboard Mech,Accessories,South,110.43,4,441.71
2026-06-28,Gaming Console,Computers,South,475.83,3,1427.48
2026-06-30,Tablet Air,Accessories,North,459.67,3,1379.0
2026-06-23,Laptop Pro,Computers,South,1369.89,1,1369.89
2026-05-12,Monitor Ultra,Audio,South,406.51,4,1626.03
2026-01-16,Smart Watch,Audio,Central,355.88,1,355.88
2026-04-24,Keyboard Mech,Electronics,West,122.52,2,245.04
2026-06-20,Gaming Console,Computers,East,366.71,1,366.71
2026-03-18,Smart Watch,Electronics,East,356.95,4,1427.8
2026-02-14,Smart Watch,Accessories,North,280.84,5,1404.22
2026-01-30,Laptop Pro,Gaming,South,1041.83,3,3125.48
2026-06-13,Tablet Air,Accessories,East,418.54,1,418.54
2026-04-04,External SSD,Electronics,East,184.57,1,184.57
2026-01-17,Laptop Pro,Accessories,Central,1237.7,1,1237.7
2026-04-19,Keyboard Mech,Electronics,South,131.86,3,395.59
2026-05-25,Smart Watch,Accessories,North,338.42,1,338.42
2026-02-14,Mouse Pro,Audio,West,87.22,1,87.22
2026-02-08,Smart Watch,Gaming,North,271.23,4,1084.92
2026-04-27,Wireless Earbuds,Audio,East,151.41,5,757.04
2026-05-23,Wireless Earbuds,Electronics,East,143.75,1,143.75
2026-01-23,Smart Watch,Electronics,West,247.56,5,1237.82
2026-01-23,Keyboard Mech,Electronics,West,134.47,2,268.93
2026-07-09,Keyboard Mech,Electronics,East,99.2,2,198.39
2026-03-22,Wireless Earbuds,Computers,Central,136.04,4,544.15
2026-05-13,Wireless Earbuds,Electronics,East,178.26,3,534.78
2026-04-28,Smartphone X,Accessories,East,806.89,2,1613.78
2026-04-18,Smartphone X,Accessories,South,934.44,1,934.44
2026-03-25,Laptop Pro,Accessories,North,1436.91,3,4310.72
2026-05-04,Monitor Ultra,Accessories,North,285.35,2,570.71
2026-02-09,Tablet Air,Computers,West,554.61,1,554.61
2026-06-25,Gaming Console,Computers,East,493.07,4,1972.27
2026-04-01,Smartphone X,Computers,West,813.42,3,2440.26
2026-03-29,Mouse Pro,Electronics,North,70.78,1,70.78
2026-03-12,Gaming Console,Electronics,North,441.02,1,441.02
2026-06-08,Monitor Ultra,Electronics,South,370.54,2,741.09
2026-06-11,External SSD,Audio,East,164.34,5,821.68
2026-05-11,Smartphone X,Audio,Central,876.51,4,3506.04
2026-05-06,Wireless Earbuds,Accessories,West,156.59,1,156.59
2026-01-29,Monitor Ultra,Gaming,North,413.67,5,2068.37
2026-04-26,Keyboard Mech,Audio,North,109.27,5,546.34
2026-06-28,External SSD,Gaming,Central,198.12,5,990.62
2026-06-14,Monitor Ultra,Audio,West,361.75,4,1447.0
2026-06-27,Keyboard Mech,Gaming,East,111.84,2,223.69
2026-04-04,Gaming Console,Accessories,North,507.97,2,1015.93
2026-05-17,Tablet Air,Audio,Central,516.84,5,2584.19
2026-06-11,Gaming Console,Accessories,North,471.1,5,2355.51
2026-05-17,Tablet Air,Electronics,South,502.36,5,2511.79
2026-02-08,Gaming Console,Electronics,West,523.95,1,523.95
2026-02-17,Monitor Ultra,Gaming,Central,331.13,5,1655.63
2026-03-03,Tablet Air,Gaming,West,442.93,4,1771.72
2026-04-08,External SSD,Electronics,North,167.12,3,501.37
2026-03-19,Smart Watch,Audio,North,329.89,5,1649.45
2026-06-21,Mouse Pro,Accessories,West,70.96,3,212.89
2026-06-08,Smartphone X,Accessories,North,703.93,3,2111.79
2026-02-02,Tablet Air,Audio,East,564.18,3,1692.55
2026-04-02,Smartphone X,Gaming,Central,694.47,2,1388.95
2026-05-25,Tablet Air,Gaming,South,571.18,5,2855.88
2026-03-13,Smart Watch,Electronics,Central,259.62,3,778.85
2026-03-27,Smartphone X,Computers,Central,677.23,4,2708.91
2026-03-06,Mouse Pro,Accessories,Central,84.38,3,253.14
2026-06-21,Monitor Ultra,Computers,Central,302.57,5,1512.83
2026-04-03,External SSD,Audio,North,205.03,3,615.1
2026-07-06,Tablet Air,Audio,North,481.59,2,963.18
2026-02-09,Laptop Pro,Accessories,East,1309.75,4,5239.01
2026-06-25,External SSD,Accessories,East,169.39,3,508.18
2026-03-31,External SSD,Audio,South,184.04,3,552.13
2026-07-01,Smartphone X,Computers,East,918.77,4,3675.07
2026-07-01,Monitor Ultra,Electronics,West,303.11,3,909.34
2026-04-16,Monitor Ultra,Electronics,South,317.7,5,1588.52
2026-06-21,Keyboard Mech,Audio,East,97.29,1,97.29
2026-06-03,Wireless Earbuds,Electronics,Central,161.7,4,646.8
2026-03-14,Laptop Pro,Computers,North,1289.14,2,2578.28
2026-04-11,Keyboard Mech,Computers,West,120.41,5,602.03
2026-04-07,Laptop Pro,Electronics,West,1042.53,5,5212.63
2026-03-09,Gaming Console,Gaming,North,426.53,2,853.07
2026-01-23,Gaming Console,Audio,East,411.38,1,411.38
2026-06-25,Tablet Air,Audio,North,547.46,4,2189.84
2026-06-21,Tablet Air,Gaming,West,436.34,4,1745.38
2026-01-28,Laptop Pro,Accessories,South,1024.6,1,1024.6
2026-03-14,Tablet Air,Computers,South,438.04,3,1314.12
2026-07-03,External SSD,Accessories,West,187.52,2,375.03
2026-02-21,Gaming Console,Electronics,South,485.54,3,1456.61
2026-05-11,Monitor Ultra,Electronics,East,400.04,2,800.08
2026-03-30,Tablet Air,Gaming,East,415.77,5,2078.86
2026-06-15,Keyboard Mech,Accessories,West,109.41,2,218.82
2026-05-28,Keyboard Mech,Computers,East,143.6,1,143.6
2026-02-20,Gaming Console,Computers,Central,376.29,5,1881.45
2026-01-18,Keyboard Mech,Audio,North,112.43,4,449.72
2026-05-21,Wireless Earbuds,Audio,Central,172.19,5,860.97
2026-02-13,Keyboard Mech,Gaming,South,104.4,2,208.79
2026-01-23,External SSD,Audio,East,222.09,4,888.36
2026-04-18,Wireless Earbuds,Gaming,North,150.63,2,301.27
2026-03-19,External SSD,Gaming,Central,191.0,4,763.98
2026-02-06,Smart Watch,Electronics,West,275.17,3,825.51
2026-01-15,Smart Watch,Gaming,North,334.15,4,1336.59
2026-06-16,Tablet Air,Audio,South,492.55,1,492.55
2026-05-04,External SSD,Accessories,South,173.39,5,866.95
2026-01-30,Keyboard Mech,Gaming,East,133.61,5,668.03
2026-03-20,Keyboard Mech,Audio,South,128.85,2,257.7
2026-03-27,Laptop Pro,Gaming,Central,1136.8,1,1136.8
2026-06-19,Monitor Ultra,Accessories,North,390.91,2,781.83
2026-04-21,Laptop Pro,Electronics,South,1024.31,1,1024.31
2026-06-04,Smartphone X,Audio,Central,732.96,3,2198.88
2026-04-08,Smartphone X,Computers,South,849.14,2,1698.29
2026-04-12,Smartphone X,Computers,North,724.81,5,3624.07
2026-04-15,Smart Watch,Electronics,South,340.14,4,1360.56
2026-02-15,Keyboard Mech,Computers,North,113.61,1,113.61
2026-06-29,Wireless Earbuds,Audio,East,168.0,3,504.01
2026-07-06,Keyboard Mech,Computers,East,104.51,5,522.54
2026-06-23,Laptop Pro,Gaming,North,1119.51,1,1119.51
2026-02-06,Monitor Ultra,Computers,South,285.28,3,855.83
2026-06-11,Laptop Pro,Accessories,East,1083.99,3,3251.98
2026-07-10,Smartphone X,Accessories,North,791.89,5,3959.43
2026-04-07,Monitor Ultra,Computers,West,406.79,3,1220.38
2026-05-28,Tablet Air,Electronics,Central,536.13,3,1608.39
2026-04-19,External SSD,Audio,Central,220.19,4,880.77
2026-05-20,Tablet Air,Electronics,South,499.53,3,1498.58
2026-02-11,Keyboard Mech,Computers,West,133.05,5,665.26
2026-04-07,Laptop Pro,Computers,West,1391.34,3,4174.01
2026-06-23,Mouse Pro,Gaming,Central,95.59,3,286.76
2026-03-28,Smart Watch,Audio,North,268.48,5,1342.42
2026-02-22,External SSD,Gaming,North,219.81,3,659.44
2026-06-19,Smartphone X,Accessories,West,758.26,3,2274.77
2026-06-23,Keyboard Mech,Gaming,South,101.35,2,202.7
2026-05-18,Smartphone X,Electronics,Central,883.06,3,2649.18
2026-01-20,Keyboard Mech,Audio,Central,137.4,2,274.8
2026-01-16,Smart Watch,Audio,West,319.78,1,319.78
2026-04-11,Smartphone X,Computers,South,883.6,3,2650.79
2026-01-27,Laptop Pro,Gaming,East,1265.29,4,5061.17
2026-04-03,Tablet Air,Audio,North,417.43,1,417.43
2026-04-19,Laptop Pro,Gaming,West,1052.08,1,1052.08
2026-03-28,Keyboard Mech,Computers,Central,136.73,3,410.19
2026-04-21,Gaming Console,Electronics,West,419.47,1,419.47
2026-04-08,Tablet Air,Accessories,South,590.99,1,590.99
2026-05-05,Smart Watch,Audio,West,321.27,2,642.54
2026-03-15,Monitor Ultra,Electronics,North,304.37,2,608.74
2026-05-02,Tablet Air,Audio,West,509.42,3,1528.27
2026-05-14,Smartphone X,Gaming,Central,844.97,4,3379.87
2026-04-17,Tablet Air,Accessories,South,428.7,2,857.4
2026-04-03,External SSD,Electronics,West,200.61,2,401.22
2026-06-02,Smartphone X,Gaming,South,881.42,3,2644.27
2026-05-04,Monitor Ultra,Accessories,East,342.44,5,1712.22
2026-04-01,Gaming Console,Electronics,South,535.84,4,2143.35
2026-02-05,External SSD,Computers,East,215.43,5,1077.14
2026-05-02,Smart Watch,Gaming,North,304.86,1,304.86
2026-06-16,Tablet Air,Electronics,North,451.64,4,1806.54
2026-06-04,Monitor Ultra,Audio,West,299.86,1,299.86
2026-03-11,Gaming Console,Audio,North,497.78,1,497.78
2026-05-07,Tablet Air,Electronics,North,408.7,2,817.4
2026-04-27,Mouse Pro,Accessories,East,93.57,4,374.27
2026-01-25,Keyboard Mech,Electronics,West,111.86,5,559.28
2026-01-29,Keyboard Mech,Audio,Central,128.38,1,128.38
2026-05-18,Gaming Console,Computers,Central,453.79,2,907.57
2026-07-03,Mouse Pro,Electronics,East,87.2,3,261.59
2026-02-25,Tablet Air,Gaming,West,412.55,4,1650.21
2026-03-23,Mouse Pro,Audio,West,67.58,1,67.58
2026-06-09,External SSD,Audio,Central,210.01,2,420.03
2026-03-22,External SSD,Accessories,South,165.13,3,495.39
2026-02-11,Smartphone X,Accessories,South,694.27,4,2777.07
2026-03-07,Smart Watch,Gaming,North,259.83,4,1039.33
2026-01-17,Laptop Pro,Electronics,North,1090.93,4,4363.71
2026-06-17,Smartphone X,Audio,East,697.91,5,3489.55
2026-02-07,Mouse Pro,Computers,Central,80.9,5,404.48
2026-03-21,Tablet Air,Accessories,Central,517.48,3,1552.45
2026-04-04,Laptop Pro,Electronics,South,1157.46,5,5787.3
2026-04-25,Gaming Console,Computers,West,367.14,3,1101.41
2026-03-15,Wireless Earbuds,Computers,East,169.8,2,339.6
2026-03-14,Smart Watch,Gaming,South,269.46,3,808.37
2026-05-14,Smart Watch,Gaming,South,318.46,2,636.92
2026-02-11,Monitor Ultra,Audio,North,344.8,2,689.6
2026-05-18,Wireless Earbuds,Audio,South,137.73,2,275.45
2026-04-17,Keyboard Mech,Gaming,Central,119.78,3,359.34
2026-02-06,External SSD,Audio,North,234.68,3,704.04
2026-01-31,Wireless Earbuds,Gaming,East,144.42,5,722.12
2026-06-26,Laptop Pro,Gaming,North,1022.38,4,4089.52
2026-06-01,Laptop Pro,Accessories,West,1364.66,4,5458.65
2026-05-30,Smart Watch,Audio,East,283.03,5,1415.15
2026-03-27,Smartphone X,Accessories,South,847.11,4,3388.45
2026-04-30,Mouse Pro,Accessories,East,89.75,1,89.75
2026-05-19,External SSD,Accessories,North,176.14,2,352.27
2026-02-20,Wireless Earbuds,Electronics,Central,171.98,2,343.96
2026-02-24,External SSD,Computers,West,214.98,1,214.98
2026-04-02,Smartphone X,Audio,South,681.0,5,3404.98
2026-05-27,Laptop Pro,Electronics,Central,1318.39,1,1318.39
2026-06-04,Tablet Air,Computers,Central,508.28,2,1016.56
2026-03-06,Smart Watch,Accessories,Central,243.79,5,1218.94
2026-06-25,Monitor Ultra,Gaming,North,280.61,5,1403.05
2026-04-23,Tablet Air,Audio,North,468.52,5,2342.59
2026-07-04,Keyboard Mech,Gaming,North,110.87,4,443.47
2026-02-09,Monitor Ultra,Gaming,South,280.93,3,842.79
2026-06-15,Smart Watch,Audio,North,269.24,5,1346.21
2026-04-07,Smart Watch,Electronics,East,309.07,5,1545.34
2026-01-25,Gaming Console,Gaming,North,492.81,1,492.81
2026-02-24,External SSD,Computers,North,221.93,1,221.93
2026-05-20,Tablet Air,Gaming,East,457.81,3,1373.43
2026-05-13,Keyboard Mech,Gaming,North,111.14,1,111.14
2026-03-26,Laptop Pro,Computers,West,1167.83,5,5839.17
2026-02-18,External SSD,Audio,Central,238.19,4,952.77
2026-06-09,Monitor Ultra,Gaming,West,334.66,2,669.31
2026-02-14,Monitor Ultra,Audio,North,363.52,2,727.04
2026-06-20,Laptop Pro,Gaming,North,1064.83,1,1064.83
2026-04-14,Wireless Earbuds,Accessories,North,174.32,5,871.6
2026-06-07,Monitor Ultra,Computers,East,307.35,1,307.35
2026-07-10,Gaming Console,Accessories,East,531.66,4,2126.63
2026-04-02,Smartphone X,Electronics,West,826.1,3,2478.3
2026-06-26,Wireless Earbuds,Audio,East,124.91,3,374.74
2026-02-12,Wireless Earbuds,Gaming,North,151.3,5,756.49
2026-05-07,Smartphone X,Accessories,Central,723.11,5,3615.56
2026-04-09,Keyboard Mech,Accessories,East,127.8,5,638.99
2026-05-13,Mouse Pro,Gaming,South,90.19,5,450.95
2026-07-12,External SSD,Electronics,Central,220.43,1,220.43
2026-02-03,Wireless Earbuds,Gaming,North,161.8,4,647.2
2026-06-20,External SSD,Computers,North,217.51,1,217.51
2026-01-28,External SSD,Gaming,South,223.86,1,223.86
2026-03-09,Wireless Earbuds,Audio,West,120.86,4,483.44
2026-06-24,External SSD,Electronics,North,176.74,1,176.74
2026-06-04,Laptop Pro,Gaming,West,1188.21,4,4752.84
2026-05-22,Gaming Console,Audio,South,539.73,3,1619.18
2026-01-16,Wireless Earbuds,Accessories,West,134.85,1,134.85
2026-06-13,Mouse Pro,Gaming,West,85.7,3,257.1
2026-02-24,Wireless Earbuds,Audio,South,122.98,2,245.97
2026-03-27,Mouse Pro,Gaming,North,85.5,2,171.01
2026-02-09,Laptop Pro,Audio,East,1080.05,2,2160.1
2026-07-04,Monitor Ultra,Audio,North,341.33,2,682.67
2026-03-28,External SSD,Gaming,South,196.22,5,981.11
2026-06-10,Mouse Pro,Electronics,East,68.05,5,340.26
2026-02-11,Smartphone X,Audio,South,717.61,3,2152.82
2026-07-02,Laptop Pro,Audio,North,1215.15,2,2430.3
2026-02-07,Gaming Console,Accessories,North,461.33,5,2306.67
2026-05-20,Keyboard Mech,Audio,Central,114.01,2,228.02
2026-05-03,Gaming Console,Gaming,Central,360.54,5,1802.7
2026-05-11,Keyboard Mech,Audio,East,133.94,1,133.94
2026-04-29,Mouse Pro,Audio,Central,87.18,4,348.73
2026-06-27,Smart Watch,Accessories,South,322.61,4,1290.45
2026-01-23,Monitor Ultra,Electronics,South,364.06,3,1092.18
2026-04-29,Smart Watch,Accessories,South,333.07,5,1665.33
2026-01-16,Gaming Console,Electronics,West,495.32,1,495.32
2026-07-09,Tablet Air,Electronics,West,589.91,5,2949.57
2026-02-26,Wireless Earbuds,Electronics,North,158.27,5,791.36
2026-05-22,Keyboard Mech,Computers,Central,138.27,4,553.08
2026-04-02,Monitor Ultra,Audio,North,343.17,2,686.34
2026-03-01,Wireless Earbuds,Gaming,North,136.36,4,545.44
2026-04-11,Smart Watch,Electronics,South,324.08,1,324.08
2026-03-19,Wireless Earbuds,Computers,Central,134.33,5,671.64
2026-07-04,Laptop Pro,Electronics,North,1062.15,4,4248.6
2026-03-12,Smartphone X,Gaming,Central,672.7,1,672.7
2026-03-11,Monitor Ultra,Electronics,North,344.4,2,688.79
2026-04-27,Laptop Pro,Accessories,South,1201.24,4,4804.94
2026-01-23,Smart Watch,Electronics,North,252.77,1,252.77
2026-05-18,External SSD,Accessories,North,237.63,2,475.26
2026-05-09,Tablet Air,Electronics,West,450.76,1,450.76
2026-05-14,Keyboard Mech,Gaming,Central,125.29,3,375.87
2026-04-05,Mouse Pro,Electronics,East,72.56,4,290.26
2026-06-17,Monitor Ultra,Audio,East,407.46,5,2037.28
2026-02-05,Keyboard Mech,Audio,West,99.0,3,297.01
2026-06-03,Wireless Earbuds,Accessories,West,123.21,2,246.41
2026-07-08,Monitor Ultra,Audio,Central,371.38,1,371.38
2026-02-26,Monitor Ultra,Gaming,West,397.5,4,1590.0
2026-01-29,Monitor Ultra,Accessories,North,339.96,2,679.92
2026-03-13,Gaming Console,Audio,North,532.73,1,532.73
2026-06-13,Smart Watch,Gaming,South,294.03,2,588.05
2026-01-31,Gaming Console,Accessories,North,481.36,3,1444.08
2026-03-07,Mouse Pro,Computers,East,79.0,4,316.02
2026-03-04,Mouse Pro,Gaming,North,90.82,5,454.1
2026-03-02,Keyboard Mech,Gaming,North,116.76,1,116.76
2026-06-02,Smartphone X,Audio,East,736.65,1,736.65
2026-05-21,Monitor Ultra,Accessories,East,298.53,2,597.06
2026-02-10,Monitor Ultra,Audio,Central,341.19,5,1705.96
2026-06-09,Gaming Console,Audio,Central,474.84,4,1899.36
2026-01-23,Gaming Console,Electronics,West,369.47,2,738.93
2026-04-14,Monitor Ultra,Computers,West,316.24,5,1581.22
2026-03-24,Wireless Earbuds,Computers,South,169.1,4,676.4
2026-01-17,Gaming Console,Gaming,Central,391.31,4,1565.22
2026-02-10,Smart Watch,Accessories,Central,296.03,1,296.03
2026-02-28,Mouse Pro,Electronics,North,90.47,5,452.36
2026-01-19,External SSD,Audio,Central,208.87,3,626.61
2026-01-25,Wireless Earbuds,Electronics,East,121.2,5,606.01
2026-02-15,External SSD,Audio,North,202.37,1,202.37
2026-04-21,Smartphone X,Computers,Central,641.54,3,1924.61
2026-03-05,Laptop Pro,Electronics,North,1000.14,5,5000.68
2026-06-25,Smart Watch,Computers,North,289.46,2,578.92
2026-05-28,Smart Watch,Computers,West,348.91,1,348.91
2026-03-24,Wireless Earbuds,Electronics,North,145.26,5,726.28
2026-05-30,Wireless Earbuds,Gaming,South,147.6,5,737.99
2026-04-17,Tablet Air,Accessories,East,516.2,1,516.2
2026-03-30,Smartphone X,Accessories,North,773.06,4,3092.24
2026-03-19,Smartphone X,Electronics,East,909.93,5,4549.63
2026-07-08,Keyboard Mech,Computers,West,117.05,5,585.24
2026-06-18,Tablet Air,Computers,West,537.79,4,2151.18
2026-07-07,Gaming Console,Gaming,East,417.09,2,834.18
2026-06-03,Gaming Console,Audio,West,525.19,2,1050.38
2026-01-19,Laptop Pro,Accessories,Central,971.28,1,971.28
2026-04-12,Monitor Ultra,Electronics,East,372.74,1,372.74
2026-03-03,Wireless Earbuds,Accessories,East,127.14,2,254.28
2026-06-13,Keyboard Mech,Gaming,West,126.03,2,252.07
2026-04-25,Tablet Air,Accessories,West,422.21,1,422.21
2026-07-05,Mouse Pro,Electronics,West,67.95,3,203.85
2026-03-05,Gaming Console,Audio,North,461.04,3,1383.11
2026-03-11,Keyboard Mech,Accessories,South,135.48,3,406.44
2026-06-23,Gaming Console,Accessories,South,471.01,5,2355.03
2026-01-31,Smartphone X,Electronics,North,827.22,5,4136.09
2026-02-04,Smart Watch,Audio,South,241.41,2,482.82
2026-07-05,Mouse Pro,Accessories,East,76.85,5,384.25
2026-03-10,Gaming Console,Computers,South,450.5,3,1351.51
2026-07-05,Laptop Pro,Accessories,West,1265.74,5,6328.71
2026-05-30,Smart Watch,Electronics,West,289.3,4,1157.19
2026-04-11,Wireless Earbuds,Electronics,East,141.2,4,564.81
2026-04-07,Wireless Earbuds,Accessories,West,127.72,3,383.16
2026-05-30,External SSD,Audio,Central,193.73,2,387.46
2026-04-30,Laptop Pro,Accessories,East,1214.25,3,3642.76
2026-06-09,Wireless Earbuds,Gaming,North,169.35,1,169.35
2026-05-30,External SSD,Accessories,West,218.62,3,655.85
2026-05-08,External SSD,Gaming,Central,166.54,2,333.08
2026-06-19,Keyboard Mech,Gaming,East,143.02,5,715.11
2026-03-27,Monitor Ultra,Accessories,East,401.41,2,802.82
2026-04-08,External SSD,Gaming,East,227.17,2,454.34
2026-01-26,Mouse Pro,Audio,Central,90.36,1,90.36
2026-06-30,Mouse Pro,Accessories,North,88.13,1,88.13
2026-07-02,Gaming Console,Audio,East,487.46,4,1949.84
2026-03-17,Wireless Earbuds,Electronics,Central,153.78,3,461.34
2026-05-13,Laptop Pro,Computers,East,1113.04,1,1113.04
2026-02-09,Mouse Pro,Electronics,West,64.48,2,128.96
2026-06-07,External SSD,Accessories,West,215.51,2,431.03
2026-03-10,Smartphone X,Computers,South,684.86,4,2739.45
2026-04-27,Gaming Console,Computers,East,496.36,2,992.72
2026-03-03,Smartphone X,Gaming,South,729.65,4,2918.59
2026-07-12,Mouse Pro,Audio,Central,91.05,3,273.14
2026-03-28,Mouse Pro,Electronics,South,90.13,5,450.65
2026-04-27,Wireless Earbuds,Computers,West,125.04,5,625.19
2026-01-21,Mouse Pro,Computers,Central,85.37,3,256.12
2026-06-29,Wireless Earbuds,Gaming,South,123.45,4,493.79
2026-01-16,Wireless Earbuds,Computers,West,172.82,1,172.82
2026-03-01,Wireless Earbuds,Electronics,West,150.77,2,301.55
2026-07-10,Monitor Ultra,Accessories,Central,351.57,4,1406.28
2026-03-02,Smart Watch,Computers,East,255.01,4,1020.03
2026-02-21,Gaming Console,Audio,Central,397.19,1,397.19
2026-07-05,Smart Watch,Accessories,South,342.0,5,1709.99
2026-02-22,Smartphone X,Electronics,South,661.26,1,661.26
2026-04-27,Smart Watch,Computers,West,244.26,1,244.26
2026-03-09,Tablet Air,Gaming,South,514.18,4,2056.71
2026-06-16,Smart Watch,Accessories,East,272.58,4,1090.34
2026-06-04,Wireless Earbuds,Computers,South,160.9,5,804.51
2026-02-06,Tablet Air,Computers,West,593.56,5,2967.8
2026-05-01,Monitor Ultra,Audio,West,376.79,3,1130.38
2026-06-08,Monitor Ultra,Computers,Central,314.66,1,314.66
2026-06-05,Mouse Pro,Accessories,East,69.22,5,346.08
2026-03-30,Tablet Air,Audio,South,541.3,3,1623.89
2026-01-18,Gaming Console,Gaming,North,513.29,4,2053.16
2026-06-15,Wireless Earbuds,Audio,North,140.02,5,700.11
2026-03-16,Tablet Air,Audio,North,508.43,4,2033.71
2026-03-06,Keyboard Mech,Audio,West,125.98,5,629.88
2026-02-20,Smartphone X,Audio,West,671.51,3,2014.53
2026-06-17,Smart Watch,Electronics,North,301.49,3,904.47
2026-02-15,Laptop Pro,Accessories,Central,1370.21,2,2740.41
2026-07-08,Laptop Pro,Gaming,South,1033.16,1,1033.16
2026-01-24,Mouse Pro,Gaming,South,91.4,4,365.59
2026-06-27,Smart Watch,Accessories,South,296.26,4,1185.03
2026-01-22,Smart Watch,Gaming,North,306.83,3,920.48
2026-02-03,Tablet Air,Gaming,East,576.56,1,576.56
2026-02-10,Gaming Console,Computers,North,394.55,1,394.55
2026-05-14,Laptop Pro,Accessories,Central,1228.04,1,1228.04
2026-05-19,Wireless Earbuds,Accessories,South,159.52,5,797.59
2026-04-10,Mouse Pro,Computers,East,81.62,4,326.48
2026-06-02,Keyboard Mech,Gaming,East,127.74,5,638.72
2026-04-02,Gaming Console,Gaming,South,416.74,4,1666.96
2026-02-01,Smartphone X,Electronics,West,796.79,3,2390.38
2026-05-13,Wireless Earbuds,Audio,East,151.43,2,302.85
2026-01-25,Laptop Pro,Gaming,Central,1131.05,3,3393.15
2026-03-31,Laptop Pro,Computers,South,1069.48,4,4277.92
2026-05-02,Gaming Console,Electronics,Central,479.03,4,1916.1
2026-04-11,Tablet Air,Electronics,East,597.0,1,597.0
2026-04-13,Wireless Earbuds,Computers,North,154.0,5,769.98
2026-01-21,Smartphone X,Accessories,South,904.82,2,1809.65
2026-05-09,Tablet Air,Electronics,North,449.2,3,1347.59
2026-02-26,Keyboard Mech,Computers,West,101.05,5,505.26
2026-01-17,Gaming Console,Electronics,West,391.02,1,391.02
2026-07-09,Gaming Console,Computers,West,429.93,5,2149.65
2026-02-26,Tablet Air,Gaming,West,577.68,3,1733.03
2026-03-16,Tablet Air,Computers,East,532.92,2,1065.85
2026-04-25,Keyboard Mech,Electronics,East,136.75,3,410.25
2026-04-12,Wireless Earbuds,Accessories,West,157.09,3,471.26
2026-04-19,Mouse Pro,Computers,East,69.08,4,276.33
2026-03-16,Gaming Console,Electronics,Central,511.42,2,1022.84
2026-03-28,Smartphone X,Accessories,North,777.32,1,777.32
2026-04-18,Smartphone X,Computers,Central,932.91,1,932.91
2026-01-29,Mouse Pro,Audio,West,89.28,2,178.56
2026-05-11,Smartphone X,Gaming,North,942.87,3,2828.61
2026-04-13,Monitor Ultra,Accessories,West,386.28,2,772.56
2026-06-16,Wireless Earbuds,Computers,West,143.24,2,286.48
2026-03-05,Laptop Pro,Accessories,West,1373.68,1,1373.68
2026-07-01,Wireless Earbuds,Accessories,North,164.29,2,328.59
2026-07-01,Mouse Pro,Computers,Central,77.32,5,386.58
2026-02-16,External SSD,Accessories,North,182.38,2,364.77
2026-02-24,Gaming Console,Computers,West,425.56,4,1702.25
2026-01-31,Tablet Air,Accessories,North,462.62,5,2313.08
2026-01-14,Laptop Pro,Computers,Central,1318.96,4,5275.86
2026-05-08,Keyboard Mech,Accessories,North,130.28,4,521.14
2026-07-06,External SSD,Accessories,East,189.29,2,378.57
2026-06-18,Laptop Pro,Gaming,South,1008.87,5,5044.33
2026-02-24,External SSD,Gaming,Central,202.3,2,404.6
2026-03-22,Smart Watch,Computers,West,280.55,3,841.66
2026-06-29,Smartphone X,Audio,North,691.78,5,3458.91
2026-06-17,Tablet Air,Gaming,Central,543.51,1,543.51
2026-02-20,Keyboard Mech,Accessories,North,141.19,5,705.93
2026-03-02,Gaming Console,Audio,South,469.54,2,939.09
2026-03-02,Laptop Pro,Accessories,South,1136.0,2,2272.0
2026-06-04,Laptop Pro,Accessories,North,990.6,5,4953.0
2026-01-31,Mouse Pro,Accessories,Central,66.38,2,132.75
2026-05-26,Wireless Earbuds,Computers,West,168.4,1,168.4
2026-02-20,Tablet Air,Gaming,South,532.47,1,532.47
2026-06-17,Tablet Air,Accessories,South,420.26,1,420.26
2026-03-04,Wireless Earbuds,Audio,Central,143.5,2,287.01
2026-06-22,Mouse Pro,Accessories,West,64.99,1,64.99
2026-04-02,Mouse Pro,Computers,South,83.77,2,167.55
2026-02-10,Monitor Ultra,Computers,West,292.93,3,878.79
2026-02-09,Smart Watch,Electronics,South,256.83,2,513.67
2026-07-03,Monitor Ultra,Audio,North,301.23,4,1204.92
2026-06-13,Monitor Ultra,Computers,East,348.81,2,697.61
2026-01-19,Keyboard Mech,Accessories,Central,133.54,4,534.16
2026-04-21,Keyboard Mech,Gaming,North,120.59,4,482.36
2026-02-07,External SSD,Audio,Central,223.07,1,223.07
2026-01-22,Smartphone X,Computers,East,912.65,4,3650.61
2026-03-10,Mouse Pro,Electronics,West,85.1,5,425.52
2026-04-15,Smartphone X,Accessories,East,857.67,4,3430.66
2026-01-27,Gaming Console,Accessories,Central,367.7,5,1838.5
2026-06-16,External SSD,Accessories,Central,196.66,3,589.98
2026-03-25,Gaming Console,Accessories,Central,414.04,4,1656.17
2026-04-02,Smart Watch,Gaming,West,252.89,5,1264.44
2026-05-05,Gaming Console,Gaming,Central,423.17,1,423.17
2026-05-01,Wireless Earbuds,Accessories,North,160.9,2,321.8
2026-03-03,Wireless Earbuds,Audio,Central,164.68,3,494.03
2026-05-15,Laptop Pro,Accessories,North,1014.29,1,1014.29
2026-06-23,Keyboard Mech,Electronics,Central,120.87,5,604.33
2026-02-07,Mouse Pro,Electronics,North,93.26,1,93.26
2026-06-24,Monitor Ultra,Electronics,North,394.23,2,788.47
2026-06-28,External SSD,Computers,North,197.65,3,592.96
2026-07-05,Smartphone X,Computers,West,874.25,4,3496.99
2026-04-02,Wireless Earbuds,Accessories,South,160.18,3,480.54
2026-06-07,Smart Watch,Gaming,North,356.56,4,1426.24
2026-02-12,Wireless Earbuds,Electronics,Central,123.41,1,123.41
2026-02-02,Monitor Ultra,Computers,Central,288.35,3,865.05
2026-02-08,Laptop Pro,Audio,South,1263.05,4,5052.22
2026-05-26,Wireless Earbuds,Computers,West,170.82,4,683.27
2026-06-30,Tablet Air,Audio,West,564.97,3,1694.92
2026-04-11,Smart Watch,Accessories,West,244.88,3,734.65
2026-05-18,Smartphone X,Computers,North,671.21,1,671.21
2026-04-24,Laptop Pro,Computers,North,1359.51,4,5438.02
2026-04-27,External SSD,Audio,South,207.18,3,621.55
2026-05-06,Smartphone X,Electronics,South,681.73,4,2726.91
2026-04-25,Mouse Pro,Electronics,Central,80.98,4,323.93
2026-02-21,Mouse Pro,Accessories,East,74.87,5,374.35
2026-04-12,Tablet Air,Computers,West,579.51,1,579.51
2026-03-10,External SSD,Accessories,Central,201.11,2,402.23
2026-04-10,Smartphone X,Accessories,South,957.28,2,1914.56
2026-05-20,Keyboard Mech,Audio,North,121.4,5,606.98
2026-06-14,External SSD,Electronics,Central,228.79,1,228.79
2026-04-16,Keyboard Mech,Computers,Central,131.82,2,263.63
2026-03-06,Smartphone X,Accessories,East,693.78,4,2775.11
2026-03-13,External SSD,Gaming,West,179.36,3,538.07
2026-05-07,Keyboard Mech,Gaming,Central,115.27,3,345.82
2026-05-20,External SSD,Accessories,East,176.84,2,353.69
2026-06-26,Monitor Ultra,Computers,Central,376.0,2,751.99
2026-03-04,Gaming Console,Audio,North,382.26,5,1911.28
2026-06-11,Gaming Console,Computers,West,377.59,5,1887.93
2026-06-03,Laptop Pro,Gaming,East,1002.5,4,4010.0
2026-05-27,Mouse Pro,Computers,East,81.79,2,163.59
2026-07-06,Tablet Air,Electronics,Central,523.54,2,1047.08
2026-04-28,Monitor Ultra,Electronics,South,374.26,4,1497.04
2026-05-24,Wireless Earbuds,Gaming,Central,178.69,2,357.39
2026-01-26,Gaming Console,Accessories,Central,418.68,3,1256.04
2026-05-09,Laptop Pro,Electronics,East,1383.43,1,1383.43
2026-04-12,Gaming Console,Audio,South,454.93,2,909.86
2026-05-05,Smartphone X,Electronics,North,675.5,1,675.5
2026-04-26,External SSD,Accessories,West,169.63,2,339.26
2026-02-11,External SSD,Computers,Central,180.43,3,541.3
2026-06-26,Monitor Ultra,Gaming,West,335.22,4,1340.87
2026-02-13,External SSD,Electronics,North,212.72,4,850.89
2026-06-30,Tablet Air,Electronics,South,423.71,4,1694.83
2026-07-01,Keyboard Mech,Audio,South,119.35,1,119.35
2026-03-26,Monitor Ultra,Gaming,Central,352.7,1,352.7
2026-03-16,Gaming Console,Accessories,West,378.54,3,1135.61
2026-06-07,Mouse Pro,Gaming,South,65.91,3,197.74
2026-06-10,Mouse Pro,Audio,West,95.77,2,191.54
2026-05-26,Smart Watch,Audio,East,312.2,4,1248.78
2026-04-11,Smart Watch,Accessories,West,278.45,1,278.45
2026-06-02,Monitor Ultra,Electronics,North,356.08,5,1780.41
2026-06-25,Keyboard Mech,Gaming,East,118.97,4,475.9
2026-04-04,Wireless Earbuds,Audio,South,147.61,1,147.61
2026-04-06,External SSD,Accessories,North,186.07,5,930.33
2026-06-07,Laptop Pro,Computers,West,1252.09,1,1252.09
2026-04-25,Mouse Pro,Electronics,North,80.16,1,80.16
2026-05-30,Monitor Ultra,Computers,East,385.92,2,771.85
2026-05-10,Tablet Air,Gaming,North,576.96,3,1730.87
2026-05-25,Monitor Ultra,Gaming,South,291.79,3,875.37
2026-02-10,Wireless Earbuds,Accessories,West,129.95,4,519.81
2026-05-21,Gaming Console,Computers,South,436.68,5,2183.38
2026-05-28,Keyboard Mech,Computers,South,125.74,5,628.72
2026-06-12,External SSD,Computers,East,204.76,1,204.76
2026-02-11,Wireless Earbuds,Gaming,North,172.47,4,689.9
2026-06-18,Monitor Ultra,Accessories,East,352.98,5,1764.9
2026-03-10,Wireless Earbuds,Accessories,South,149.86,1,149.86
2026-03-03,External SSD,Electronics,West,223.7,5,1118.48
2026-05-28,Smart Watch,Computers,North,308.28,1,308.28
2026-05-31,Mouse Pro,Accessories,East,65.59,1,65.59
2026-04-29,Tablet Air,Accessories,North,404.74,2,809.48
2026-02-14,Monitor Ultra,Gaming,North,365.54,1,365.54
2026-06-16,Mouse Pro,Computers,West,75.02,5,375.08
2026-03-28,Tablet Air,Audio,South,535.32,5,2676.61
2026-03-18,Wireless Earbuds,Accessories,West,131.41,4,525.66
2026-04-11,Wireless Earbuds,Electronics,South,129.23,1,129.23
2026-05-04,Keyboard Mech,Audio,East,142.04,1,142.04
2026-05-23,External SSD,Accessories,East,226.81,5,1134.05
2026-03-31,Smart Watch,Computers,West,281.96,4,1127.83
2026-06-08,Keyboard Mech,Gaming,Central,132.98,2,265.97
2026-06-19,Smart Watch,Gaming,South,256.16,4,1024.62
2026-02-07,Wireless Earbuds,Electronics,East,130.38,2,260.76
2026-03-08,Gaming Console,Audio,Central,536.98,2,1073.95
2026-05-07,Tablet Air,Audio,East,454.25,3,1362.75
2026-04-30,Monitor Ultra,Audio,Central,306.35,1,306.35
2026-05-01,Monitor Ultra,Computers,North,402.78,1,402.78
2026-02-01,Smart Watch,Audio,South,292.09,1,292.09
2026-05-07,Keyboard Mech,Electronics,North,120.83,2,241.66
2026-03-23,Keyboard Mech,Accessories,West,112.25,1,112.25
2026-04-10,Smartphone X,Accessories,East,910.38,2,1820.76
2026-05-20,Smart Watch,Gaming,West,335.75,4,1343.0
2026-02-11,Tablet Air,Accessories,North,438.45,1,438.45
2026-02-18,Smart Watch,Computers,East,255.47,1,255.47
2026-03-12,Keyboard Mech,Computers,North,141.85,2,283.7
2026-04-01,Smart Watch,Computers,East,283.87,2,567.73
2026-02-25,External SSD,Electronics,West,187.88,2,375.77
2026-01-24,Gaming Console,Gaming,North,446.72,2,893.44
2026-05-28,Monitor Ultra,Electronics,North,303.38,4,1213.51
2026-05-02,Mouse Pro,Computers,South,75.41,1,75.41
2026-02-13,Keyboard Mech,Computers,East,100.1,2,200.19
2026-02-10,Smart Watch,Audio,East,246.73,3,740.18
2026-04-12,Keyboard Mech,Accessories,East,136.76,5,683.81
2026-03-09,Laptop Pro,Accessories,West,1042.79,2,2085.59
2026-04-04,Tablet Air,Gaming,Central,546.74,3,1640.21
2026-04-19,Gaming Console,Computers,West,411.8,4,1647.2
2026-03-21,External SSD,Computers,Central,212.96,1,212.96
2026-06-10,External SSD,Gaming,East,232.12,1,232.12
2026-03-19,Mouse Pro,Gaming,South,86.69,4,346.74
2026-05-10,Keyboard Mech,Audio,East,116.86,4,467.43
2026-03-31,Monitor Ultra,Electronics,East,412.53,2,825.06
2026-05-05,Tablet Air,Computers,West,449.39,1,449.39
2026-06-24,Gaming Console,Accessories,North,533.76,2,1067.51
2026-03-25,Mouse Pro,Computers,South,86.01,1,86.01
2026-01-16,External SSD,Audio,Central,236.61,2,473.23
2026-07-09,Gaming Console,Gaming,East,363.58,4,1454.32
2026-02-11,Tablet Air,Gaming,South,516.08,3,1548.23
2026-03-25,Laptop Pro,Computers,North,1231.37,1,1231.37
2026-04-16,Gaming Console,Gaming,East,504.89,2,1009.78
2026-03-09,Keyboard Mech,Audio,Central,109.35,5,546.75
2026-03-19,Mouse Pro,Computers,South,66.02,1,66.02
2026-04-02,Gaming Console,Gaming,East,528.17,5,2640.84
2026-05-25,Smart Watch,Accessories,West,335.88,5,1679.42
2026-06-16,Smart Watch,Audio,South,333.62,3,1000.85
2026-02-14,Keyboard Mech,Computers,Central,134.8,4,539.18
2026-03-21,Wireless Earbuds,Gaming,West,125.85,1,125.85
2026-04-27,Laptop Pro,Accessories,South,1359.5,2,2719.01
2026-05-27,External SSD,Computers,East,221.21,1,221.21
2026-05-07,Smart Watch,Gaming,West,246.34,3,739.01
2026-02-03,Keyboard Mech,Electronics,West,111.54,5,557.68
2026-02-23,Monitor Ultra,Computers,Central,403.94,1,403.94
2026-01-31,Monitor Ultra,Electronics,East,410.73,1,410.73
2026-05-31,External SSD,Audio,Central,163.06,3,489.17
2026-05-24,Laptop Pro,Accessories,Central,1381.55,2,2763.11
2026-06-26,Smart Watch,Computers,North,249.8,2,499.6
2026-03-29,External SSD,Computers,Central,214.76,3,644.29
2026-06-16,Smart Watch,Gaming,South,277.98,1,277.98
2026-03-08,Smartphone X,Computers,North,950.97,3,2852.9
2026-07-09,Gaming Console,Audio,North,400.96,2,801.91
2026-05-30,Gaming Console,Computers,Central,454.83,4,1819.3
2026-02-17,Mouse Pro,Computers,West,92.9,4,371.62
2026-02-07,Gaming Console,Electronics,East,512.5,4,2049.99
2026-03-07,Gaming Console,Accessories,South,494.63,1,494.63
2026-03-29,Monitor Ultra,Electronics,West,303.22,4,1212.88
2026-04-29,Monitor Ultra,Audio,Central,340.94,5,1704.7
2026-02-11,Smart Watch,Electronics,South,309.93,1,309.93
2026-04-22,External SSD,Computers,South,189.4,5,947.01
2026-04-20,Keyboard Mech,Computers,East,130.98,3,392.95
2026-06-10,Mouse Pro,Electronics,West,93.58,3,280.75
2026-02-07,Monitor Ultra,Accessories,Central,283.79,4,1135.17
2026-06-13,Smart Watch,Audio,North,247.32,5,1236.6
2026-04-16,Tablet Air,Computers,Central,427.17,2,854.33
2026-01-16,Smartphone X,Electronics,Central,691.22,4,2764.86
2026-03-08,Mouse Pro,Computers,Central,85.5,2,171.0
2026-02-03,Gaming Console,Accessories,East,428.63,4,1714.51
2026-02-19,Smart Watch,Electronics,East,256.54,5,1282.7
2026-04-24,Keyboard Mech,Audio,North,137.86,3,413.58
2026-04-30,Gaming Console,Audio,East,521.63,4,2086.51
2026-06-21,Laptop Pro,Computers,Central,980.55,2,1961.09
2026-06-02,Smart Watch,Accessories,Central,253.32,1,253.32
2026-04-23,External SSD,Accessories,West,235.18,4,940.73
2026-06-12,Laptop Pro,Computers,East,1035.84,5,5179.19
2026-05-14,Mouse Pro,Gaming,Central,67.86,3,203.58
2026-02-13,Wireless Earbuds,Gaming,Central,123.11,4,492.43
2026-06-27,Smart Watch,Electronics,Central,294.08,3,882.23
2026-07-10,Monitor Ultra,Audio,Central,352.25,5,1761.26
2026-05-17,Monitor Ultra,Gaming,North,327.77,2,655.55
2026-03-01,Laptop Pro,Gaming,North,1274.96,1,1274.96
2026-06-09,Laptop Pro,Accessories,West,1085.53,1,1085.53
2026-01-15,Keyboard Mech,Gaming,South,100.22,1,100.22
2026-05-21,Smartphone X,Accessories,North,818.45,1,818.45
2026-05-25,Smart Watch,Electronics,West,249.53,1,249.53
2026-03-24,Tablet Air,Gaming,South,464.79,1,464.79
2026-02-12,Smartphone X,Accessories,Central,947.56,2,1895.11
2026-02-26,Keyboard Mech,Electronics,Central,124.05,3,372.14
2026-05-22,Smart Watch,Computers,South,251.8,1,251.8
2026-03-24,Smartphone X,Electronics,North,779.03,1,779.03
2026-05-24,Gaming Console,Electronics,Central,510.48,4,2041.94
2026-06-28,Laptop Pro,Accessories,East,1187.58,1,1187.58
2026-03-30,Wireless Earbuds,Computers,North,125.5,5,627.51
2026-02-18,Gaming Console,Gaming,East,375.41,4,1501.65
2026-02-15,Mouse Pro,Electronics,East,95.5,3,286.49
2026-03-17,Laptop Pro,Audio,South,1094.61,5,5473.03
2026-05-08,Tablet Air,Electronics,West,417.57,4,1670.28
2026-07-07,Laptop Pro,Audio,Central,1404.34,2,2808.67
2026-05-09,Keyboard Mech,Electronics,South,140.14,5,700.7
2026-05-13,Tablet Air,Accessories,West,525.65,5,2628.23
2026-07-03,Keyboard Mech,Gaming,South,115.03,3,345.1
2026-02-17,Smart Watch,Electronics,North,258.99,4,1035.95
2026-04-16,Keyboard Mech,Electronics,Central,103.12,2,206.23
2026-03-16,Laptop Pro,Accessories,North,1063.33,3,3190.0
2026-04-03,Mouse Pro,Electronics,South,86.9,1,86.9
2026-03-28,Keyboard Mech,Gaming,East,135.7,2,271.41
2026-07-05,Keyboard Mech,Audio,East,117.73,3,353.18
2026-04-15,Tablet Air,Gaming,Central,528.28,2,1056.55
2026-02-28,Keyboard Mech,Gaming,South,132.84,3,398.53
2026-04-23,Gaming Console,Gaming,Central,457.03,2,914.05
2026-03-11,Wireless Earbuds,Gaming,East,123.3,5,616.48
2026-06-25,Smart Watch,Gaming,North,276.85,1,276.85
2026-04-30,Laptop Pro,Electronics,Central,1398.39,1,1398.39
2026-05-12,Smart Watch,Electronics,West,343.99,5,1719.94
2026-04-15,Tablet Air,Audio,South,444.44,3,1333.33
2026-07-01,Mouse Pro,Computers,South,79.88,1,79.88
2026-04-23,Wireless Earbuds,Gaming,Central,179.74,4,718.97
2026-03-24,Keyboard Mech,Computers,North,133.41,1,133.41
2026-04-22,Mouse Pro,Accessories,East,74.54,3,223.62
2026-03-01,Tablet Air,Gaming,South,485.79,4,1943.15
2026-04-22,Mouse Pro,Accessories,Central,83.68,2,167.36
2026-07-05,Smart Watch,Accessories,North,328.11,4,1312.42
2026-02-26,Laptop Pro,Computers,North,1297.18,1,1297.18
2026-04-23,Mouse Pro,Audio,Central,74.2,4,296.8
2026-06-10,Smart Watch,Audio,North,280.96,1,280.96
2026-04-14,Gaming Console,Computers,East,409.51,4,1638.05
2026-05-09,Monitor Ultra,Gaming,North,311.03,1,311.03
2026-05-27,Smart Watch,Computers,South,323.41,5,1617.04
2026-06-25,Wireless Earbuds,Gaming,Central,168.23,5,841.16
2026-04-27,Monitor Ultra,Computers,Central,320.69,4,1282.78
2026-01-28,Smart Watch,Gaming,East,350.57,4,1402.3
2026-04-06,Wireless Earbuds,Accessories,East,160.87,4,643.48
2026-02-26,External SSD,Electronics,West,205.21,5,1026.07
2026-05-08,Tablet Air,Gaming,South,481.51,5,2407.53
2026-06-15,Monitor Ultra,Accessories,Central,375.34,2,750.68
2026-02-04,Smartphone X,Audio,North,838.88,2,1677.75
2026-02-11,Laptop Pro,Computers,South,1411.71,1,1411.71
2026-06-30,Smartphone X,Accessories,North,793.51,1,793.51
2026-06-14,External SSD,Gaming,Central,162.03,3,486.08
2026-06-26,Gaming Console,Accessories,West,386.35,1,386.35
2026-03-15,Laptop Pro,Audio,East,1428.96,1,1428.96
2026-01-25,Keyboard Mech,Audio,South,113.28,5,566.38
2026-03-13,Monitor Ultra,Accessories,West,287.99,5,1439.94
2026-03-02,Mouse Pro,Electronics,South,82.93,2,165.87
2026-04-28,Monitor Ultra,Gaming,Central,283.38,5,1416.89
2026-06-11,Keyboard Mech,Electronics,South,124.13,4,496.5
2026-03-18,Mouse Pro,Electronics,East,79.11,3,237.33
2026-04-30,Keyboard Mech,Audio,East,96.47,3,289.41
2026-02-26,Tablet Air,Computers,East,493.8,2,987.6
2026-05-19,Mouse Pro,Gaming,South,80.9,5,404.48
2026-04-16,Smart Watch,Electronics,East,356.54,4,1426.18
2026-04-21,Gaming Console,Electronics,West,492.98,5,2464.91
2026-04-14,Wireless Earbuds,Electronics,North,155.29,1,155.29
2026-04-04,Mouse Pro,Audio,Central,86.36,2,172.72
2026-06-24,Tablet Air,Audio,West,544.18,2,1088.35
2026-03-11,Mouse Pro,Audio,South,93.61,1,93.61
2026-02-08,Wireless Earbuds,Accessories,Central,138.97,4,555.89
2026-02-06,Laptop Pro,Electronics,Central,1177.32,1,1177.32
2026-06-09,Wireless Earbuds,Computers,East,164.64,1,164.64
2026-04-04,Tablet Air,Audio,South,474.75,1,474.75
2026-06-18,Keyboard Mech,Gaming,South,128.41,3,385.22
2026-03-10,External SSD,Accessories,North,236.44,1,236.44
2026-04-24,Mouse Pro,Audio,West,85.85,1,85.85
2026-03-26,Laptop Pro,Computers,West,1360.73,5,6803.67
2026-03-12,Smart Watch,Gaming,South,317.31,3,951.93
2026-01-20,Keyboard Mech,Gaming,West,142.46,4,569.86
2026-05-30,Keyboard Mech,Computers,East,106.75,3,320.26
2026-06-03,Smartphone X,Gaming,South,925.1,3,2775.29
2026-06-21,Tablet Air,Gaming,East,439.91,4,1759.64
2026-02-28,Smart Watch,Electronics,West,310.18,2,620.36
2026-04-27,Smartphone X,Gaming,South,659.28,1,659.28
2026-01-17,Smart Watch,Audio,West,271.06,3,813.18
2026-06-10,Monitor Ultra,Gaming,Central,414.47,3,1243.4
2026-06-20,Keyboard Mech,Electronics,Central,106.7,4,426.81
2026-06-20,Laptop Pro,Accessories,North,1401.49,4,5605.95
2026-04-07,Monitor Ultra,Gaming,North,339.12,5,1695.62
2026-06-12,External SSD,Gaming,West,194.9,4,779.59
2026-06-15,Wireless Earbuds,Electronics,South,144.61,4,578.44
2026-04-15,Laptop Pro,Gaming,West,1094.49,3,3283.46
2026-05-23,Smartphone X,Electronics,Central,902.49,4,3609.98
2026-05-18,Monitor Ultra,Gaming,South,300.9,4,1203.61
2026-01-20,Laptop Pro,Gaming,West,1249.51,3,3748.53
2026-04-18,Smart Watch,Audio,East,268.73,1,268.73
2026-07-11,Keyboard Mech,Computers,South,129.63,2,259.25
2026-01-16,Laptop Pro,Computers,East,1254.49,1,1254.49
2026-01-14,Smart Watch,Accessories,West,319.21,4,1276.86
2026-02-18,Wireless Earbuds,Gaming,North,156.13,2,312.26
2026-03-28,Laptop Pro,Gaming,West,1325.49,4,5301.98
2026-02-01,Keyboard Mech,Electronics,Central,97.34,3,292.02
2026-07-05,Monitor Ultra,Accessories,East,315.03,3,945.09
2026-05-31,Smartphone X,Computers,Central,879.43,1,879.43
2026-03-12,Laptop Pro,Audio,West,1362.18,1,1362.18
2026-02-01,Smart Watch,Audio,West,300.6,1,300.6
2026-07-06,Smartphone X,Computers,West,889.74,4,3558.98
2026-01-14,External SSD,Gaming,West,178.75,2,357.5
2026-04-22,Mouse Pro,Accessories,South,76.08,5,380.38
2026-05-15,Wireless Earbuds,Audio,North,172.4,1,172.4
2026-03-07,Smart Watch,Accessories,East,350.18,5,1750.9
2026-06-24,Smartphone X,Gaming,East,914.65,5,4573.27
2026-06-09,Laptop Pro,Accessories,South,1014.44,4,4057.76
2026-01-30,Gaming Console,Gaming,South,478.03,5,2390.16
2026-05-24,Smartphone X,Gaming,East,651.01,4,2604.05
2026-06-17,Laptop Pro,Electronics,East,1188.06,5,5940.28
2026-02-27,Monitor Ultra,Electronics,North,404.85,3,1214.56
2026-03-16,Mouse Pro,Electronics,West,79.58,1,79.58
2026-02-11,Smart Watch,Electronics,South,338.37,5,1691.83
2026-04-15,Gaming Console,Electronics,South,367.22,1,367.22
2026-05-12,External SSD,Electronics,East,197.83,5,989.14
2026-02-05,Keyboard Mech,Gaming,Central,124.28,4,497.12
2026-04-06,Monitor Ultra,Gaming,North,371.33,2,742.66
2026-02-25,External SSD,Accessories,West,224.93,5,1124.63
2026-02-27,Mouse Pro,Audio,East,68.57,1,68.57
2026-07-12,Gaming Console,Gaming,East,407.23,3,1221.7
2026-02-03,Monitor Ultra,Gaming,West,331.63,5,1658.15
2026-06-29,Smart Watch,Audio,South,253.3,4,1013.21
2026-05-26,Smartphone X,Accessories,East,758.72,1,758.72
2026-01-18,Monitor Ultra,Audio,Central,307.7,1,307.7
2026-03-17,Monitor Ultra,Gaming,South,410.32,4,1641.27
2026-01-23,Tablet Air,Electronics,Central,495.23,3,1485.7
2026-02-11,Monitor Ultra,Gaming,East,343.74,1,343.74
2026-03-21,Smartphone X,Electronics,South,642.12,1,642.12
2026-05-04,Wireless Earbuds,Audio,East,179.9,4,719.62
2026-04-09,External SSD,Computers,West,178.95,1,178.95
2026-05-05,Smart Watch,Accessories,Central,351.18,4,1404.7
2026-05-29,Mouse Pro,Audio,East,94.37,2,188.73
2026-04-10,External SSD,Gaming,East,212.46,4,849.84
2026-02-07,External SSD,Electronics,East,204.31,4,817.26
2026-01-29,Laptop Pro,Computers,South,1259.72,3,3779.17
2026-04-27,Gaming Console,Electronics,East,504.48,1,504.48
2026-05-23,Tablet Air,Accessories,South,498.87,2,997.73
2026-01-19,Tablet Air,Accessories,West,487.99,2,975.99
2026-02-21,Keyboard Mech,Accessories,North,110.94,1,110.94
2026-06-23,Keyboard Mech,Gaming,Central,131.12,3,393.35
2026-01-23,Keyboard Mech,Accessories,South,96.82,2,193.65
2026-02-14,Smartphone X,Audio,East,645.44,5,3227.19
2026-03-04,Gaming Console,Computers,North,483.29,1,483.29
2026-05-30,External SSD,Electronics,Central,180.84,1,180.84
2026-02-06,Smartphone X,Computers,West,945.85,4,3783.39
2026-04-05,Laptop Pro,Audio,South,1143.71,5,5718.53
2026-02-22,Gaming Console,Audio,East,415.88,5,2079.39
2026-06-21,Tablet Air,Electronics,North,546.01,2,1092.01
2026-06-28,Tablet Air,Audio,West,578.0,5,2890.01
2026-06-07,Laptop Pro,Gaming,Central,1328.95,4,5315.79
2026-03-30,Smartphone X,Gaming,North,755.07,2,1510.15
2026-03-22,Wireless Earbuds,Computers,Central,129.53,5,647.63
2026-03-25,Laptop Pro,Accessories,East,1184.18,3,3552.54
2026-05-28,Tablet Air,Electronics,West,466.55,3,1399.65
2026-07-11,Mouse Pro,Audio,West,84.81,4,339.25
2026-06-29,Smartphone X,Electronics,North,830.88,4,3323.51
2026-07-01,Keyboard Mech,Accessories,North,108.81,4,435.23
2026-04-02,Smart Watch,Accessories,South,269.26,2,538.51
2026-06-01,Laptop Pro,Electronics,South,1348.53,5,6742.65
2026-03-01,Laptop Pro,Gaming,Central,1233.65,2,2467.3
2026-02-23,External SSD,Electronics,North,161.7,4,646.79
2026-01-27,Tablet Air,Gaming,West,586.53,4,2346.11
2026-02-08,Smartphone X,Audio,Central,861.9,5,4309.51
2026-02-18,Mouse Pro,Computers,Central,75.31,3,225.93
2026-04-05,Tablet Air,Electronics,East,443.54,2,887.09
2026-06-18,Smartphone X,Electronics,North,749.04,5,3745.19
2026-02-15,Mouse Pro,Audio,South,70.08,3,210.24
2026-02-15,Tablet Air,Gaming,West,422.73,2,845.46
2026-02-15,Smart Watch,Accessories,North,281.26,1,281.26
2026-06-11,External SSD,Accessories,North,178.83,4,715.34
2026-04-23,Monitor Ultra,Audio,East,321.67,5,1608.33
2026-05-04,External SSD,Gaming,South,163.6,2,327.2
2026-04-18,Gaming Console,Audio,North,409.52,1,409.52
2026-04-18,Keyboard Mech,Electronics,West,142.87,5,714.37
2026-02-12,Gaming Console,Electronics,South,410.35,2,820.7
2026-03-19,Smartphone X,Audio,Central,915.88,4,3663.51
2026-04-13,Smartphone X,Computers,North,939.68,1,939.68
2026-03-31,Smartphone X,Electronics,East,891.43,4,3565.74
2026-02-13,Monitor Ultra,Electronics,West,416.58,4,1666.32
2026-03-08,Smart Watch,Computers,North,242.98,4,971.94
2026-02-12,Smartphone X,Audio,South,738.2,5,3690.98
2026-03-11,Wireless Earbuds,Gaming,South,165.74,5,828.69
2026-04-21,Wireless Earbuds,Gaming,North,151.13,3,453.4
2026-06-23,Smartphone X,Computers,North,727.17,4,2908.67
2026-03-26,Mouse Pro,Computers,East,75.08,1,75.08
2026-05-16,Monitor Ultra,Electronics,South,397.69,1,397.69
2026-05-28,Smart Watch,Audio,Central,261.19,3,783.57
2026-04-19,Smartphone X,Computers,West,855.86,2,1711.72
2026-03-25,Tablet Air,Accessories,East,593.41,2,1186.81
2026-06-04,Monitor Ultra,Gaming,Central,355.16,1,355.16
2026-03-21,External SSD,Audio,Central,172.62,5,863.12
2026-06-10,Keyboard Mech,Electronics,North,138.28,2,276.56
2026-02-06,Mouse Pro,Computers,South,64.66,3,193.99
2026-04-23,Mouse Pro,Gaming,South,64.69,4,258.76
2026-03-24,External SSD,Computers,East,177.49,5,887.45
2026-03-04,Wireless Earbuds,Computers,South,142.11,3,426.34
2026-06-24,Monitor Ultra,Computers,North,347.24,5,1736.21
2026-01-14,Laptop Pro,Electronics,North,1261.26,1,1261.26
2026-07-05,Smartphone X,Gaming,South,741.81,3,2225.42
2026-02-26,Tablet Air,Electronics,Central,497.84,1,497.84
2026-02-15,Monitor Ultra,Computers,Central,368.16,2,736.31
2026-01-16,Mouse Pro,Audio,South,65.15,3,195.45
2026-04-29,External SSD,Audio,North,178.18,5,890.89
2026-02-13,Gaming Console,Accessories,East,460.87,5,2304.34
2026-01-19,Mouse Pro,Accessories,West,87.06,3,261.19
2026-05-24,Wireless Earbuds,Computers,East,132.69,4,530.74
2026-01-16,Wireless Earbuds,Accessories,Central,148.94,2,297.88
2026-02-21,Smart Watch,Computers,West,343.45,2,686.9
2026-02-25,Tablet Air,Gaming,South,419.73,1,419.73
2026-03-04,Smartphone X,Computers,West,938.53,3,2815.59
2026-03-26,Gaming Console,Gaming,West,498.04,1,498.04
2026-03-06,Smartphone X,Accessories,Central,862.02,4,3448.07
2026-02-05,Wireless Earbuds,Audio,West,170.48,4,681.93
2026-05-01,Keyboard Mech,Electronics,Central,129.96,1,129.96
2026-02-25,Wireless Earbuds,Audio,Central,134.08,2,268.16
2026-04-26,Keyboard Mech,Electronics,West,115.99,4,463.97
2026-03-24,Laptop Pro,Computers,West,1101.12,5,5505.61
2026-03-17,Tablet Air,Accessories,East,485.5,3,1456.5
2026-05-30,Smart Watch,Electronics,East,247.04,5,1235.21
2026-03-27,Gaming Console,Accessories,East,417.57,2,835.14
2026-01-19,Tablet Air,Audio,West,425.25,4,1701.02
2026-01-22,Laptop Pro,Computers,South,1022.72,2,2045.43
2026-05-28,Keyboard Mech,Computers,South,133.56,4,534.22
2026-03-21,Gaming Console,Computers,West,429.82,5,2149.08
2026-06-25,Laptop Pro,Computers,West,1239.27,1,1239.27
2026-05-08,Tablet Air,Computers,West,462.69,1,462.69
2026-05-18,Wireless Earbuds,Gaming,East,149.46,1,149.46
2026-03-23,External SSD,Electronics,North,182.29,3,546.88
2026-05-19,Tablet Air,Gaming,North,485.15,2,970.3
2026-01-23,Gaming Console,Computers,North,367.74,5,1838.68
2026-04-18,External SSD,Audio,Central,212.78,2,425.57
2026-06-07,Smart Watch,Gaming,East,333.84,3,1001.51
2026-05-13,Smartphone X,Audio,East,855.03,5,4275.13
2026-04-09,Tablet Air,Accessories,East,556.41,1,556.41
2026-06-03,Tablet Air,Electronics,West,432.7,3,1298.1
2026-06-18,Keyboard Mech,Electronics,West,101.6,4,406.38
2026-05-02,Laptop Pro,Electronics,West,1129.55,2,2259.1
2026-07-02,Smartphone X,Computers,West,693.09,5,3465.46
2026-05-16,Smart Watch,Electronics,North,315.95,5,1579.76
2026-05-07,Mouse Pro,Gaming,South,84.83,2,169.66
2026-02-18,Mouse Pro,Computers,Central,64.82,4,259.28
2026-01-17,Tablet Air,Accessories,South,415.37,1,415.37
2026-03-15,Laptop Pro,Computers,North,980.75,4,3923.0
2026-04-26,Laptop Pro,Electronics,North,1399.75,4,5598.99
2026-04-06,Gaming Console,Accessories,West,402.01,5,2010.05
2026-05-30,Wireless Earbuds,Accessories,Central,175.01,2,350.02
2026-04-23,Wireless Earbuds,Audio,West,138.81,3,416.42
2026-03-28,Smartphone X,Accessories,Central,930.04,1,930.04
2026-04-10,Monitor Ultra,Gaming,South,358.96,1,358.96
2026-04-17,Monitor Ultra,Electronics,South,369.33,2,738.65
2026-04-05,Wireless Earbuds,Gaming,Central,129.34,1,129.34
2026-04-13,Keyboard Mech,Accessories,North,140.55,4,562.21
2026-05-24,Laptop Pro,Accessories,East,1221.53,1,1221.53
2026-07-04,Monitor Ultra,Audio,West,315.25,5,1576.24
2026-06-12,Laptop Pro,Computers,Central,1243.16,3,3729.47
2026-04-12,External SSD,Computers,Central,236.73,3,710.18
2026-01-24,Smartphone X,Audio,West,746.12,4,2984.49
2026-06-21,Smart Watch,Gaming,South,309.85,2,619.71
2026-05-24,Laptop Pro,Computers,West,1407.35,5,7036.75
2026-05-05,Smartphone X,Gaming,Central,727.88,3,2183.63
2026-06-01,Smart Watch,Gaming,North,357.59,2,715.18
2026-01-25,Smartphone X,Audio,South,658.65,5,3293.25
2026-02-15,Smart Watch,Computers,South,245.44,1,245.44
2026-03-16,Smartphone X,Computers,East,662.82,3,1988.47
2026-01-20,Mouse Pro,Accessories,South,73.9,2,147.81
2026-06-24,Mouse Pro,Gaming,South,93.01,5,465.05
2026-02-20,Smartphone X,Computers,Central,742.67,1,742.67
2026-04-02,Tablet Air,Computers,South,438.13,1,438.13
2026-04-28,Smart Watch,Electronics,North,271.93,4,1087.73
2026-06-23,Smart Watch,Audio,East,284.23,1,284.23
2026-05-26,Monitor Ultra,Gaming,Central,284.1,3,852.3
2026-04-28,Laptop Pro,Gaming,North,1037.82,1,1037.82
2026-04-16,Wireless Earbuds,Computers,East,167.81,5,839.06
2026-06-04,Wireless Earbuds,Electronics,South,132.33,5,661.67
2026-05-10,Tablet Air,Computers,North,514.06,2,1028.12
2026-07-08,Smartphone X,Gaming,West,650.74,1,650.74
2026-06-24,External SSD,Accessories,East,215.24,3,645.71
2026-04-27,Smart Watch,Computers,North,310.48,3,931.44
2026-03-28,Smart Watch,Audio,North,350.94,1,350.94
2026-04-08,Mouse Pro,Computers,North,68.66,4,274.62
2026-05-20,Keyboard Mech,Accessories,North,96.61,3,289.82
2026-06-03,Mouse Pro,Gaming,Central,82.3,5,411.48
2026-06-18,Mouse Pro,Electronics,North,84.82,2,169.63
2026-01-14,Gaming Console,Gaming,Central,395.98,4,1583.91
2026-02-25,Smart Watch,Audio,West,346.53,5,1732.64
2026-05-04,Monitor Ultra,Computers,South,293.24,3,879.72
2026-05-29,Laptop Pro,Audio,Central,964.33,1,964.33
2026-04-21,Gaming Console,Audio,South,500.69,5,2503.43
2026-07-12,Mouse Pro,Computers,North,82.72,2,165.44
2026-03-24,Laptop Pro,Audio,East,1404.78,4,5619.13
2026-05-16,Monitor Ultra,Audio,East,415.76,5,2078.81
2026-04-11,Tablet Air,Electronics,East,446.47,2,892.93
2026-01-29,Tablet Air,Computers,South,521.01,5,2605.06
2026-05-31,Smartphone X,Computers,East,917.48,4,3669.93
2026-04-10,Smart Watch,Electronics,West,311.77,1,311.77
2026-02-04,Monitor Ultra,Gaming,West,362.03,4,1448.14
2026-05-15,Mouse Pro,Electronics,North,75.27,1,75.27
2026-05-08,Smart Watch,Computers,South,275.34,4,1101.37
2026-04-27,Mouse Pro,Gaming,South,83.47,5,417.36
2026-07-04,Monitor Ultra,Computers,West,394.78,1,394.78
2026-03-29,Wireless Earbuds,Gaming,East,124.98,2,249.97
2026-04-26,Tablet Air,Accessories,North,527.62,2,1055.25
2026-03-05,Smart Watch,Audio,North,342.24,2,684.49
2026-06-04,Smart Watch,Gaming,West,356.78,1,356.78
2026-06-29,Gaming Console,Computers,South,491.82,5,2459.08
2026-04-28,Mouse Pro,Electronics,West,65.42,4,261.68
2026-02-25,Smart Watch,Electronics,Central,256.7,5,1283.5
2026-05-23,Gaming Console,Gaming,Central,379.68,2,759.37
2026-04-10,Monitor Ultra,Gaming,West,369.99,4,1479.95
2026-04-18,Tablet Air,Electronics,East,524.7,3,1574.1
2026-02-07,Smartphone X,Gaming,East,716.07,4,2864.27
2026-07-11,Smartphone X,Accessories,North,788.17,3,2364.51
2026-05-21,Mouse Pro,Electronics,North,78.93,3,236.79
2026-03-08,Gaming Console,Electronics,South,404.98,5,2024.91
2026-03-22,Keyboard Mech,Gaming,North,140.29,5,701.43
2026-06-27,Smart Watch,Computers,West,326.86,3,980.59
2026-05-14,External SSD,Gaming,East,188.52,4,754.08
2026-07-03,Monitor Ultra,Computers,North,346.56,2,693.12
2026-06-18,Gaming Console,Accessories,East,521.53,5,2607.65
2026-07-02,Laptop Pro,Computers,East,1386.98,4,5547.94
2026-06-03,Keyboard Mech,Electronics,East,98.52,5,492.61
2026-04-04,Monitor Ultra,Accessories,West,294.86,5,1474.31
2026-03-25,Smartphone X,Computers,South,844.92,3,2534.77
2026-04-13,Tablet Air,Audio,East,406.89,2,813.78
2026-03-21,Smart Watch,Electronics,East,332.8,5,1664.02
2026-03-03,Smart Watch,Audio,East,295.1,3,885.31
2026-07-07,Laptop Pro,Electronics,North,1385.0,4,5540.0
2026-01-19,External SSD,Electronics,Central,202.57,4,810.27
2026-04-22,Gaming Console,Computers,East,474.49,4,1897.96
2026-02-09,Smart Watch,Accessories,South,351.86,1,351.86
2026-06-24,Smartphone X,Accessories,Central,737.78,3,2213.35
2026-06-13,Smartphone X,Gaming,North,746.59,4,2986.35
2026-06-04,Keyboard Mech,Computers,North,129.55,3,388.65
2026-07-02,Smartphone X,Computers,East,824.72,3,2474.16
2026-02-03,Gaming Console,Electronics,Central,465.2,3,1395.6
2026-02-18,Wireless Earbuds,Computers,East,172.95,1,172.95
2026-02-18,Laptop Pro,Accessories,West,1056.96,4,4227.84
2026-03-23,Smartphone X,Gaming,North,742.71,2,1485.41
2026-07-03,Laptop Pro,Gaming,North,1277.65,3,3832.96
2026-05-15,Monitor Ultra,Accessories,South,328.72,4,1314.86
2026-05-22,Tablet Air,Accessories,North,542.39,4,2169.54
2026-01-25,Gaming Console,Electronics,Central,381.93,2,763.87
2026-04-02,External SSD,Accessories,North,217.79,4,871.14
2026-01-31,External SSD,Computers,East,188.84,1,188.84
2026-03-11,Keyboard Mech,Accessories,East,108.89,4,435.55
2026-01-20,Wireless Earbuds,Electronics,West,152.03,3,456.1
2026-03-13,Smartphone X,Gaming,West,660.85,4,2643.38
2026-06-05,Tablet Air,Computers,East,551.22,4,2204.88
2026-03-23,External SSD,Audio,Central,232.95,3,698.85
2026-05-09,Gaming Console,Computers,East,514.55,5,2572.75
2026-07-04,Smartphone X,Accessories,North,762.35,3,2287.04
2026-03-05,Gaming Console,Audio,West,527.11,2,1054.23
2026-06-22,External SSD,Audio,South,236.15,2,472.31
2026-01-29,Smart Watch,Electronics,West,317.05,2,634.09
2026-05-29,Smart Watch,Gaming,West,341.86,4,1367.44
2026-03-18,Keyboard Mech,Gaming,West,108.56,2,217.12
2026-06-14,Gaming Console,Computers,East,382.5,5,1912.48
2026-02-22,Monitor Ultra,Accessories,West,322.62,4,1290.47
2026-05-19,Keyboard Mech,Accessories,East,143.13,4,572.53
2026-05-22,Smart Watch,Electronics,Central,351.59,5,1757.97
2026-04-20,Wireless Earbuds,Audio,North,178.64,5,893.19
2026-04-22,Tablet Air,Electronics,North,521.11,2,1042.21
2026-02-06,Mouse Pro,Electronics,Central,64.09,5,320.45
2026-04-26,Smart Watch,Electronics,West,254.98,4,1019.93
2026-06-21,Gaming Console,Gaming,West,375.96,2,751.92
2026-05-08,Gaming Console,Gaming,East,486.52,4,1946.08
2026-03-04,Wireless Earbuds,Electronics,North,160.87,5,804.35
2026-03-16,Laptop Pro,Accessories,Central,1118.17,2,2236.35
2026-04-14,Mouse Pro,Electronics,East,78.75,5,393.74
2026-05-07,Wireless Earbuds,Gaming,West,123.29,5,616.46
2026-01-30,External SSD,Audio,Central,197.92,1,197.92
2026-02-14,Smartphone X,Gaming,Central,887.61,2,1775.21
2026-06-19,Monitor Ultra,Electronics,Central,405.06,4,1620.23
2026-02-04,Keyboard Mech,Gaming,East,100.26,5,501.3
2026-04-02,Monitor Ultra,Gaming,Central,317.4,4,1269.61
2026-02-17,Smart Watch,Audio,North,315.28,3,945.85
2026-02-23,Mouse Pro,Audio,South,91.13,4,364.54
2026-07-09,External SSD,Audio,South,230.71,1,230.71
2026-05-04,Tablet Air,Computers,South,550.43,3,1651.3
2026-03-15,Smartphone X,Electronics,South,866.12,5,4330.61
2026-05-28,Gaming Console,Audio,South,432.05,2,864.09
2026-03-12,Tablet Air,Accessories,West,540.21,2,1080.42
2026-02-25,Monitor Ultra,Audio,North,411.87,3,1235.62
2026-06-11,Wireless Earbuds,Accessories,East,147.25,2,294.5
2026-02-06,Wireless Earbuds,Gaming,East,154.75,5,773.76
2026-03-08,Smartphone X,Electronics,West,768.49,5,3842.47
2026-02-23,Gaming Console,Audio,West,513.52,1,513.52
2026-02-08,Keyboard Mech,Computers,West,118.57,2,237.15
2026-05-10,Gaming Console,Computers,East,510.48,4,2041.93
2026-03-27,Smart Watch,Audio,South,281.39,3,844.18
2026-03-17,Laptop Pro,Audio,West,1006.98,1,1006.98
2026-02-12,External SSD,Electronics,North,228.3,1,228.3
2026-06-29,Laptop Pro,Accessories,South,1103.26,5,5516.32
2026-06-17,Laptop Pro,Computers,South,1336.92,3,4010.76
2026-05-27,Gaming Console,Electronics,East,462.75,5,2313.77
2026-04-20,Smart Watch,Gaming,North,331.96,5,1659.81
2026-02-04,Gaming Console,Gaming,West,494.82,3,1484.45
2026-04-22,Mouse Pro,Accessories,West,81.6,3,244.79
2026-07-01,Laptop Pro,Audio,North,1396.25,5,6981.23
2026-07-05,Gaming Console,Computers,East,512.48,4,2049.93
2026-02-16,Smartphone X,Accessories,South,711.49,4,2845.97
2026-02-06,Keyboard Mech,Audio,West,141.19,1,141.19
2026-05-05,Laptop Pro,Computers,South,1033.37,1,1033.37
2026-06-01,Gaming Console,Electronics,West,366.26,1,366.26
2026-01-24,Mouse Pro,Audio,West,95.1,4,380.38
2026-05-02,Smartphone X,Gaming,Central,846.52,2,1693.04
2026-06-02,Smartphone X,Electronics,Central,855.82,5,4279.12
2026-04-07,Smartphone X,Accessories,Central,928.31,2,1856.62
2026-01-23,Smartphone X,Accessories,North,950.34,2,1900.67
2026-04-03,Keyboard Mech,Gaming,Central,143.69,2,287.38
2026-03-06,Monitor Ultra,Electronics,Central,368.93,2,737.85
2026-01-20,Mouse Pro,Gaming,Central,90.46,4,361.85
2026-02-15,Gaming Console,Electronics,West,424.4,4,1697.6
2026-01-25,Tablet Air,Audio,East,492.18,1,492.18
2026-04-19,Smart Watch,Accessories,West,341.96,5,1709.82
2026-01-16,Gaming Console,Audio,North,377.58,4,1510.32
2026-01-27,Gaming Console,Accessories,South,488.34,4,1953.37
2026-02-18,Monitor Ultra,Computers,Central,283.33,2,566.67
2026-04-25,Mouse Pro,Audio,West,77.02,2,154.05
2026-04-10,Mouse Pro,Gaming,South,70.24,4,280.97
2026-06-15,Gaming Console,Electronics,South,408.57,1,408.57
2026-01-24,Mouse Pro,Computers,North,67.7,1,67.7
2026-04-20,Monitor Ultra,Accessories,West,324.33,2,648.65
2026-06-26,Smart Watch,Audio,East,260.03,3,780.09
2026-06-22,Mouse Pro,Electronics,South,75.83,5,379.17
2026-06-16,Mouse Pro,Gaming,Central,64.01,4,256.05
2026-05-04,Smart Watch,Audio,Central,273.06,4,1092.23
2026-06-02,Gaming Console,Accessories,Central,477.16,5,2385.79
2026-04-07,Wireless Earbuds,Gaming,North,167.13,3,501.39
2026-03-06,Monitor Ultra,Electronics,East,413.04,3,1239.12
2026-01-30,Gaming Console,Accessories,East,487.35,5,2436.77
2026-03-31,Tablet Air,Computers,Central,534.61,5,2673.07
2026-03-04,Smart Watch,Accessories,Central,309.1,2,618.2
2026-01-22,Smartphone X,Gaming,North,853.05,2,1706.1
2026-06-09,Mouse Pro,Accessories,Central,67.04,1,67.04
2026-04-26,Smartphone X,Accessories,South,844.1,1,844.1
2026-03-02,Wireless Earbuds,Computers,Central,176.85,1,176.85
2026-06-27,Mouse Pro,Gaming,East,69.47,5,347.34
2026-03-06,External SSD,Accessories,North,160.46,3,481.38
2026-06-05,Smart Watch,Accessories,West,310.08,3,930.24
2026-05-16,Monitor Ultra,Electronics,North,375.24,3,1125.73
2026-02-15,Monitor Ultra,Computers,Central,378.68,5,1893.4
2026-06-02,Tablet Air,Electronics,Central,549.12,1,549.12
2026-01-22,Tablet Air,Electronics,North,488.32,5,2441.6
2026-05-08,Wireless Earbuds,Audio,South,133.57,3,400.71
2026-05-06,Smartphone X,Accessories,South,822.26,3,2466.79
2026-04-20,Wireless Earbuds,Gaming,North,128.39,1,128.39
2026-06-16,Gaming Console,Computers,East,443.67,5,2218.33
2026-06-17,Mouse Pro,Gaming,West,83.42,5,417.1
2026-06-08,Mouse Pro,Accessories,West,77.44,2,154.88
2026-02-23,Tablet Air,Computers,South,578.6,5,2893.02
2026-02-11,Smart Watch,Electronics,North,256.36,3,769.07
2026-02-26,Keyboard Mech,Computers,Central,139.0,3,417.0
2026-02-06,External SSD,Electronics,West,227.59,3,682.76
2026-05-19,Laptop Pro,Audio,South,1322.8,4,5291.21
2026-06-15,Monitor Ultra,Electronics,East,283.15,3,849.45
2026-05-31,Smartphone X,Accessories,Central,921.29,1,921.29
2026-03-31,Smartphone X,Electronics,Central,793.65,2,1587.3
2026-05-26,Smart Watch,Computers,West,289.01,1,289.01
2026-05-12,External SSD,Accessories,South,215.31,2,430.62
2026-02-26,External SSD,Accessories,North,182.17,3,546.51
2026-05-20,Smartphone X,Accessories,South,649.14,5,3245.68
2026-05-03,Gaming Console,Electronics,West,532.75,2,1065.5
2026-03-07,Smartphone X,Audio,West,870.86,2,1741.72
2026-05-06,Smart Watch,Accessories,East,332.83,1,332.83
2026-01-14,External SSD,Accessories,East,186.69,1,186.69
2026-02-26,Laptop Pro,Computers,Central,1057.37,1,1057.37
2026-05-16,Smart Watch,Electronics,East,339.25,4,1357.0
2026-06-12,Tablet Air,Computers,Central,456.63,5,2283.14
2026-03-08,Keyboard Mech,Gaming,South,117.3,3,351.89
2026-04-14,Smart Watch,Gaming,Central,348.05,1,348.05
2026-02-07,Smartphone X,Gaming,East,818.59,5,4092.94
2026-06-21,Wireless Earbuds,Audio,West,129.16,2,258.32
2026-05-20,Keyboard Mech,Audio,South,141.32,3,423.95
2026-04-05,External SSD,Gaming,West,218.01,3,654.04
2026-06-28,Smart Watch,Audio,Central,287.01,2,574.02
2026-03-22,Monitor Ultra,Audio,East,354.22,2,708.43
2026-06-24,External SSD,Computers,North,166.61,3,499.84
2026-05-29,Tablet Air,Accessories,West,573.52,1,573.52
2026-05-31,External SSD,Computers,East,197.64,4,790.57
2026-03-15,Mouse Pro,Electronics,North,93.03,2,186.07
2026-03-26,Mouse Pro,Accessories,Central,86.18,4,344.71
2026-05-04,Laptop Pro,Computers,East,1035.29,3,3105.87
2026-04-21,Keyboard Mech,Computers,West,122.74,1,122.74
2026-06-23,Monitor Ultra,Accessories,South,416.76,2,833.52
2026-03-17,Mouse Pro,Accessories,Central,81.2,2,162.41
2026-07-05,Keyboard Mech,Accessories,Central,120.82,3,362.46
2026-02-02,Gaming Console,Audio,West,525.21,1,525.21
2026-03-01,Keyboard Mech,Accessories,East,106.57,4,426.27
2026-06-17,Keyboard Mech,Accessories,West,111.84,4,447.37
2026-02-28,Laptop Pro,Computers,Central,1275.93,2,2551.87
2026-02-27,Gaming Console,Electronics,South,433.13,2,866.26
2026-05-17,Mouse Pro,Electronics,South,87.44,5,437.19
2026-02-22,Tablet Air,Computers,South,545.42,3,1636.27
2026-05-12,Monitor Ultra,Electronics,East,418.15,1,418.15
2026-04-29,Keyboard Mech,Gaming,South,117.76,5,588.79
2026-06-15,Monitor Ultra,Accessories,South,331.69,4,1326.75
2026-04-15,Tablet Air,Gaming,North,518.16,2,1036.31
2026-05-08,Gaming Console,Audio,East,384.27,5,1921.36
2026-03-14,Laptop Pro,Computers,East,979.37,1,979.37
2026-06-13,Keyboard Mech,Electronics,West,141.66,5,708.3
2026-03-14,Laptop Pro,Gaming,Central,1275.66,1,1275.66
2026-04-03,Monitor Ultra,Accessories,East,310.41,5,1552.06
2026-06-21,Tablet Air,Gaming,West,555.52,4,2222.1
2026-05-28,Laptop Pro,Accessories,Central,1143.8,3,3431.41
2026-02-05,Smartphone X,Audio,South,799.07,2,1598.14
2026-05-16,Wireless Earbuds,Computers,South,121.27,1,121.27
2026-01-25,Smartphone X,Electronics,West,906.15,1,906.15
2026-03-07,External SSD,Gaming,East,231.52,4,926.06
2026-04-16,Smartphone X,Computers,South,945.64,5,4728.21
2026-07-07,External SSD,Computers,Central,184.03,5,920.13
2026-01-16,Smart Watch,Accessories,South,349.23,5,1746.13
2026-01-15,External SSD,Computers,East,228.42,3,685.25
2026-03-17,Mouse Pro,Accessories,North,72.96,5,364.82
2026-04-27,External SSD,Audio,Central,175.15,2,350.3
2026-04-18,Wireless Earbuds,Accessories,South,147.44,2,294.87
2026-07-09,Wireless Earbuds,Accessories,North,135.07,5,675.34
2026-01-19,Tablet Air,Gaming,North,582.19,3,1746.56
2026-03-16,Laptop Pro,Electronics,North,1058.09,2,2116.18
2026-06-09,External SSD,Computers,West,180.05,5,900.27
2026-05-29,External SSD,Computers,East,208.9,1,208.9
2026-02-13,Keyboard Mech,Accessories,North,109.61,3,328.84
2026-06-10,Wireless Earbuds,Electronics,North,166.71,2,333.42
2026-06-28,Mouse Pro,Computers,Central,78.6,5,392.98
2026-03-11,Wireless Earbuds,Accessories,East,120.32,3,360.96
2026-01-19,External SSD,Computers,East,214.68,3,644.03
2026-01-31,External SSD,Computers,South,163.16,4,652.65
2026-06-08,Mouse Pro,Electronics,North,82.74,1,82.74
2026-01-27,Tablet Air,Electronics,South,514.49,2,1028.97
2026-05-13,Tablet Air,Gaming,East,533.14,3,1599.41
2026-05-26,Gaming Console,Gaming,East,411.81,1,411.81
2026-06-27,Keyboard Mech,Gaming,East,121.31,4,485.25
2026-02-18,Keyboard Mech,Electronics,South,108.54,1,108.54
2026-02-04,Gaming Console,Electronics,North,499.7,5,2498.52
2026-03-21,Monitor Ultra,Accessories,West,416.38,4,1665.51
2026-05-08,Keyboard Mech,Computers,North,118.83,4,475.3
2026-05-18,Gaming Console,Computers,North,367.81,4,1471.26
2026-03-20,Smartphone X,Gaming,East,892.75,5,4463.74
2026-03-10,Monitor Ultra,Electronics,North,394.28,4,1577.12
2026-04-02,External SSD,Audio,Central,212.21,5,1061.04
2026-01-19,Tablet Air,Gaming,Central,490.38,2,980.75
2026-04-07,Smartphone X,Computers,North,936.04,1,936.04
2026-06-01,Smart Watch,Accessories,West,263.71,5,1318.55
2026-01-15,Mouse Pro,Accessories,South,91.2,1,91.2
2026-02-02,Keyboard Mech,Electronics,North,106.99,3,320.96
2026-01-16,Laptop Pro,Gaming,South,1108.25,4,4432.99
2026-06-22,Wireless Earbuds,Accessories,Central,138.16,4,552.64
2026-05-14,Tablet Air,Gaming,Central,493.94,3,1481.81
2026-04-23,Smartphone X,Gaming,North,832.25,1,832.25
2026-05-25,Laptop Pro,Gaming,Central,1117.52,1,1117.52
2026-02-27,Smartphone X,Audio,East,843.71,5,4218.55
2026-06-22,Mouse Pro,Electronics,West,79.64,3,238.92
2026-06-17,Keyboard Mech,Audio,Central,140.89,5,704.45
2026-02-18,Tablet Air,Audio,North,466.05,2,932.11
2026-02-27,Gaming Console,Accessories,South,403.97,4,1615.88
2026-07-01,Keyboard Mech,Audio,Central,98.21,5,491.03
2026-05-28,External SSD,Electronics,North,233.37,2,466.74
2026-04-28,Tablet Air,Accessories,West,452.08,5,2260.39
2026-04-16,Keyboard Mech,Accessories,West,128.98,1,128.98
2026-04-03,Mouse Pro,Computers,South,81.06,1,81.06
2026-07-03,Laptop Pro,Accessories,North,1017.43,2,2034.87
2026-05-16,Tablet Air,Accessories,East,469.95,1,469.95
2026-06-19,Monitor Ultra,Electronics,West,346.14,1,346.14
2026-06-29,Gaming Console,Computers,West,500.38,5,2501.88
2026-02-23,Tablet Air,Audio,East,598.48,1,598.48
2026-03-23,Laptop Pro,Gaming,South,1227.97,4,4911.87
2026-06-29,Keyboard Mech,Computers,South,100.7,3,302.09
2026-07-09,External SSD,Computers,East,238.72,1,238.72
2026-06-05,Smart Watch,Electronics,Central,311.42,4,1245.67
2026-07-12,Mouse Pro,Electronics,South,83.4,2,166.8
2026-04-06,Monitor Ultra,Accessories,Central,352.25,1,352.25
2026-05-27,Gaming Console,Gaming,East,470.66,5,2353.28
2026-03-26,Tablet Air,Gaming,West,528.59,5,2642.95
2026-02-20,Mouse Pro,Gaming,Central,82.58,4,330.33
2026-01-26,Laptop Pro,Computers,South,1347.85,5,6739.25
2026-05-04,Smartphone X,Accessories,South,761.97,1,761.97
2026-02-02,External SSD,Gaming,South,224.03,4,896.12
2026-02-28,Mouse Pro,Gaming,West,81.49,4,325.97
2026-03-09,External SSD,Audio,North,199.56,1,199.56
2026-04-28,External SSD,Electronics,East,187.92,2,375.84
2026-05-11,Tablet Air,Audio,South,515.18,3,1545.54
2026-04-11,Mouse Pro,Audio,West,73.3,5,366.48
2026-06-01,Tablet Air,Computers,Central,427.65,5,2138.24
2026-05-02,Gaming Console,Audio,North,385.71,3,1157.14
2026-04-07,Smart Watch,Audio,East,352.31,3,1056.93
2026-07-05,Keyboard Mech,Accessories,East,116.58,1,116.58
2026-04-15,Gaming Console,Accessories,East,444.87,2,889.73
2026-04-01,Smartphone X,Electronics,West,836.0,1,836.0
2026-05-28,Smart Watch,Electronics,West,350.31,3,1050.92
2026-06-27,Smart Watch,Accessories,South,320.92,5,1604.6
2026-02-26,Wireless Earbuds,Accessories,North,144.19,4,576.76
2026-02-16,Laptop Pro,Electronics,North,1258.27,4,5033.09
2026-05-25,Mouse Pro,Accessories,West,71.61,5,358.04
2026-02-03,Gaming Console,Accessories,Central,383.8,2,767.59
2026-04-24,External SSD,Audio,West,221.13,3,663.38
2026-02-06,Gaming Console,Electronics,West,533.0,3,1599.01
2026-01-23,Gaming Console,Accessories,South,467.27,2,934.54
2026-05-28,Keyboard Mech,Computers,East,111.74,3,335.23
2026-04-14,Smartphone X,Accessories,West,683.35,3,2050.06
2026-04-20,External SSD,Audio,West,180.25,3,540.74
2026-06-14,Tablet Air,Electronics,East,518.0,1,518.0
2026-04-22,Wireless Earbuds,Electronics,South,147.43,1,147.43
2026-06-28,Tablet Air,Audio,North,414.27,4,1657.09
2026-03-02,External SSD,Audio,Central,220.87,3,662.6
2026-01-25,Keyboard Mech,Electronics,West,141.14,4,564.56
2026-04-29,Laptop Pro,Gaming,East,1071.41,1,1071.41
2026-01-14,Wireless Earbuds,Computers,Central,137.6,1,137.6
2026-02-22,Smartphone X,Accessories,East,867.87,2,1735.74
2026-04-24,Wireless Earbuds,Audio,West,178.03,4,712.11
2026-05-26,Gaming Console,Gaming,South,534.24,3,1602.71
2026-06-29,External SSD,Accessories,Central,211.34,5,1056.72
2026-07-01,Smartphone X,Audio,Central,690.67,2,1381.34
2026-02-19,Tablet Air,Electronics,Central,478.98,4,1915.9
2026-02-03,Wireless Earbuds,Accessories,East,152.82,3,458.46
2026-03-31,External SSD,Gaming,South,220.07,3,660.2
2026-05-09,Tablet Air,Electronics,North,427.47,2,854.95
2026-03-15,Laptop Pro,Audio,South,1435.24,4,5740.97
2026-05-17,Smart Watch,Accessories,North,334.03,2,668.06
2026-01-21,External SSD,Accessories,Central,224.1,2,448.2
2026-01-29,Smart Watch,Audio,East,249.0,1,249.0
2026-05-31,Monitor Ultra,Computers,North,293.98,2,587.97
2026-03-23,Mouse Pro,Computers,Central,95.28,4,381.11
2026-03-08,Smart Watch,Electronics,Central,311.19,1,311.19
2026-05-29,Keyboard Mech,Gaming,South,127.51,4,510.03
2026-06-19,Gaming Console,Audio,North,397.1,5,1985.5
2026-04-27,Mouse Pro,Electronics,East,66.52,1,66.52
2026-05-15,Monitor Ultra,Audio,South,288.0,5,1440.02
2026-06-16,Smart Watch,Gaming,East,270.46,3,811.37
2026-04-23,Smart Watch,Accessories,West,346.79,4,1387.15
2026-02-19,Gaming Console,Computers,East,372.74,1,372.74
2026-05-02,Gaming Console,Gaming,South,420.98,4,1683.93
2026-05-14,Tablet Air,Accessories,Central,528.68,2,1057.36
2026-04-01,Mouse Pro,Electronics,Central,78.47,1,78.47
2026-07-09,Monitor Ultra,Audio,North,352.67,2,705.34
2026-01-27,Monitor Ultra,Gaming,Central,325.18,2,650.36
2026-05-16,Smart Watch,Accessories,North,272.78,4,1091.11
2026-02-05,Smart Watch,Computers,West,344.87,5,1724.34
2026-07-04,Gaming Console,Electronics,West,457.05,4,1828.21
2026-05-07,Smartphone X,Gaming,South,817.38,1,817.38
2026-03-01,Monitor Ultra,Electronics,North,367.34,2,734.68
2026-02-01,Mouse Pro,Electronics,South,80.93,1,80.93
2026-04-11,Keyboard Mech,Computers,East,102.65,2,205.29
2026-04-21,Keyboard Mech,Gaming,West,138.4,3,415.19
2026-07-08,Gaming Console,Accessories,West,430.69,1,430.69
2026-05-12,Monitor Ultra,Gaming,Central,317.76,3,953.29
2026-03-30,External SSD,Computers,North,184.41,2,368.82
2026-02-05,External SSD,Computers,South,175.27,1,175.27
2026-02-03,Laptop Pro,Computers,East,1130.93,4,4523.71
2026-04-26,Gaming Console,Electronics,North,407.43,4,1629.71
2026-06-19,Tablet Air,Gaming,West,438.61,3,1315.82
2026-05-20,Tablet Air,Electronics,West,440.18,5,2200.92
2026-01-28,Keyboard Mech,Accessories,Central,102.26,3,306.79
2026-03-31,Gaming Console,Electronics,North,512.19,5,2560.94
2026-01-22,External SSD,Computers,West,227.17,3,681.52
2026-03-31,Keyboard Mech,Computers,East,131.97,1,131.97
2026-05-21,Smart Watch,Computers,West,337.46,2,674.91
2026-02-02,Keyboard Mech,Gaming,East,98.7,1,98.7
2026-06-01,Mouse Pro,Audio,West,80.97,5,404.85
2026-05-19,Mouse Pro,Electronics,West,81.62,3,244.85
2026-05-19,Smart Watch,Electronics,South,343.52,4,1374.09
2026-03-26,External SSD,Accessories,North,229.87,2,459.74
2026-02-18,Tablet Air,Accessories,East,467.19,1,467.19
2026-06-12,Keyboard Mech,Computers,North,113.15,4,452.6
2026-01-27,Wireless Earbuds,Accessories,Central,173.9,5,869.52
2026-02-10,Laptop Pro,Computers,South,1023.21,1,1023.21
2026-03-07,Gaming Console,Audio,West,362.88,3,1088.65
2026-01-31,Mouse Pro,Gaming,Central,92.05,5,460.23
2026-04-10,Wireless Earbuds,Electronics,Central,131.15,4,524.58
2026-02-03,Monitor Ultra,Accessories,East,413.07,5,2065.36
2026-04-23,Laptop Pro,Audio,East,1165.96,5,5829.8
2026-05-20,Mouse Pro,Gaming,North,86.21,5,431.06
2026-04-04,Smart Watch,Gaming,North,324.23,1,324.23
2026-04-17,Smart Watch,Accessories,North,261.0,1,261.0
2026-03-19,Gaming Console,Accessories,West,436.02,1,436.02
2026-04-15,Smart Watch,Electronics,West,336.24,1,336.24
2026-07-10,Mouse Pro,Gaming,North,85.2,5,425.99
2026-04-12,Gaming Console,Computers,West,492.91,3,1478.72
2026-04-25,Wireless Earbuds,Audio,West,130.86,2,261.71
2026-01-22,External SSD,Gaming,East,197.72,4,790.87
2026-06-23,Laptop Pro,Computers,West,1058.11,4,4232.46
2026-02-04,Tablet Air,Gaming,North,528.84,4,2115.36
2026-03-17,Keyboard Mech,Audio,East,108.14,3,324.43
2026-02-24,Laptop Pro,Electronics,East,1051.04,4,4204.16
2026-06-20,Laptop Pro,Accessories,West,1118.77,5,5593.85
2026-04-02,Gaming Console,Electronics,North,507.17,4,2028.68
2026-07-11,Monitor Ultra,Computers,North,324.64,2,649.29
2026-06-08,Keyboard Mech,Accessories,North,141.41,2,282.81
2026-05-02,Smartphone X,Accessories,South,750.02,3,2250.07
2026-06-12,Keyboard Mech,Audio,South,138.9,5,694.5
2026-04-23,Gaming Console,Accessories,Central,416.64,4,1666.57
2026-02-05,Laptop Pro,Accessories,West,1320.48,1,1320.48
2026-07-11,Wireless Earbuds,Electronics,East,129.43,3,388.28
2026-02-02,Tablet Air,Accessories,South,582.09,4,2328.36
2026-04-08,External SSD,Computers,East,213.43,5,1067.13
2026-04-11,Gaming Console,Computers,Central,396.39,3,1189.18
2026-05-16,Smart Watch,Gaming,Central,265.75,5,1328.75
2026-05-29,Laptop Pro,Electronics,South,1425.75,4,5703.01
2026-07-06,Smart Watch,Gaming,South,300.71,1,300.71
2026-03-09,Gaming Console,Electronics,South,416.37,2,832.73
2026-01-27,Laptop Pro,Computers,West,978.07,1,978.07
2026-05-10,Tablet Air,Audio,West,486.01,3,1458.04
2026-04-07,Keyboard Mech,Electronics,Central,101.67,2,203.34
2026-03-11,Monitor Ultra,Electronics,West,366.29,5,1831.47
2026-01-21,Monitor Ultra,Gaming,South,378.76,1,378.76
2026-06-07,Monitor Ultra,Audio,South,336.84,2,673.69
2026-07-11,Tablet Air,Accessories,Central,410.92,1,410.92
2026-03-02,Keyboard Mech,Computers,South,126.3,1,126.3
2026-02-02,Keyboard Mech,Computers,West,120.31,4,481.25
2026-02-19,Tablet Air,Accessories,Central,562.1,1,562.1
2026-02-05,Monitor Ultra,Electronics,East,360.0,2,720.0
2026-02-10,Smart Watch,Computers,East,328.89,3,986.66
2026-03-23,Laptop Pro,Gaming,East,1099.31,5,5496.53
2026-01-19,Wireless Earbuds,Accessories,East,140.05,2,280.09
2026-04-02,Tablet Air,Computers,West,541.93,1,541.93
2026-02-19,Smart Watch,Accessories,North,359.67,5,1798.37
2026-04-16,Gaming Console,Audio,Central,410.0,2,820.0
2026-05-30,Tablet Air,Gaming,West,560.73,4,2242.91
2026-07-10,Gaming Console,Electronics,West,464.09,2,928.19
2026-03-18,External SSD,Accessories,West,200.5,2,400.99
2026-06-13,Keyboard Mech,Audio,West,114.66,2,229.32
2026-07-03,Monitor Ultra,Accessories,West,315.48,5,1577.38
2026-04-30,External SSD,Gaming,Central,224.75,4,898.99
2026-02-28,Gaming Console,Accessories,Central,399.63,2,799.26
2026-05-08,Mouse Pro,Gaming,North,92.8,1,92.8
2026-02-27,Gaming Console,Accessories,South,372.72,3,1118.17
2026-01-27,Keyboard Mech,Electronics,South,120.41,4,481.65
2026-04-04,Gaming Console,Gaming,South,522.23,5,2611.16
2026-01-25,Smartphone X,Accessories,West,708.1,4,2832.39
2026-04-16,Gaming Console,Electronics,South,436.51,5,2182.55
2026-06-29,External SSD,Accessories,North,201.57,4,806.26
2026-05-01,Smartphone X,Gaming,South,806.01,4,3224.03
2026-04-03,Keyboard Mech,Audio,West,138.86,2,277.72
2026-02-19,Gaming Console,Accessories,East,510.07,2,1020.14
2026-03-04,Monitor Ultra,Electronics,West,354.7,4,1418.8
2026-04-21,Monitor Ultra,Electronics,West,345.68,4,1382.7
2026-05-11,Monitor Ultra,Electronics,South,297.29,2,594.59
2026-02-17,Monitor Ultra,Accessories,South,379.14,2,758.27
2026-03-12,Smart Watch,Computers,South,277.13,4,1108.51
2026-07-10,Tablet Air,Gaming,South,436.48,5,2182.4
2026-06-23,Keyboard Mech,Gaming,Central,126.88,1,126.88
2026-05-06,Gaming Console,Accessories,West,492.9,2,985.8
2026-01-22,Laptop Pro,Computers,East,1070.3,1,1070.3
2026-04-23,Tablet Air,Accessories,Central,571.43,3,1714.3
2026-04-30,External SSD,Gaming,West,232.07,5,1160.33
2026-03-22,Wireless Earbuds,Electronics,Central,125.11,4,500.44
2026-07-07,Smart Watch,Computers,South,284.57,2,569.15
2026-01-30,Laptop Pro,Gaming,North,1130.53,5,5652.66
2026-06-11,Mouse Pro,Gaming,North,72.82,5,364.1
2026-04-10,Wireless Earbuds,Audio,South,126.26,2,252.53
2026-04-12,Wireless Earbuds,Audio,Central,129.89,1,129.89
2026-03-20,Keyboard Mech,Computers,North,117.14,3,351.43
2026-02-20,Tablet Air,Gaming,South,445.45,4,1781.78
2026-01-27,Gaming Console,Computers,West,500.94,4,2003.78
2026-01-25,Smartphone X,Electronics,Central,648.31,5,3241.53
2026-04-18,Smart Watch,Electronics,East,333.63,3,1000.89
2026-06-10,Mouse Pro,Audio,West,79.45,2,158.9
2026-01-29,Mouse Pro,Audio,West,74.82,5,374.1
2026-05-29,External SSD,Gaming,South,186.48,1,186.48
2026-07-04,Monitor Ultra,Audio,East,403.56,2,807.12
2026-03-14,Monitor Ultra,Gaming,Central,402.69,2,805.38
2026-06-04,Wireless Earbuds,Audio,South,164.8,3,494.39
2026-05-25,Mouse Pro,Electronics,East,88.4,4,353.61
2026-06-02,External SSD,Accessories,South,203.08,5,1015.41
2026-01-26,Wireless Earbuds,Audio,West,132.13,5,660.63
2026-03-04,Wireless Earbuds,Accessories,East,123.29,4,493.18
2026-06-17,Smart Watch,Accessories,North,347.44,2,694.87
2026-01-22,Smart Watch,Audio,West,285.44,5,1427.21
2026-03-17,Mouse Pro,Electronics,North,81.9,1,81.9
2026-02-08,Smartphone X,Computers,North,756.66,4,3026.65
2026-02-24,Keyboard Mech,Electronics,North,142.07,1,142.07
2026-03-12,Keyboard Mech,Gaming,East,121.25,5,606.25
2026-06-22,Wireless Earbuds,Electronics,North,158.17,5,790.87
2026-05-02,Smart Watch,Accessories,Central,324.51,1,324.51
2026-03-31,Tablet Air,Gaming,West,491.64,3,1474.92
2026-05-12,External SSD,Gaming,West,182.32,3,546.96
2026-01-27,Keyboard Mech,Audio,North,136.93,4,547.72
2026-03-21,Tablet Air,Computers,South,449.29,1,449.29
2026-07-04,Laptop Pro,Gaming,North,1133.88,1,1133.88
2026-03-30,Mouse Pro,Electronics,Central,79.41,2,158.82
2026-04-15,External SSD,Audio,North,216.1,3,648.31
2026-02-26,Smart Watch,Audio,West,328.07,4,1312.28
2026-04-14,External SSD,Accessories,West,211.32,5,1056.59
2026-05-24,Smartphone X,Gaming,South,718.26,5,3591.3
2026-05-18,Tablet Air,Audio,South,445.13,2,890.26
2026-01-25,Tablet Air,Gaming,South,448.41,4,1793.66
2026-07-09,Tablet Air,Accessories,East,422.94,3,1268.82
2026-06-11,Gaming Console,Electronics,East,433.67,2,867.34
2026-07-03,Smartphone X,Gaming,Central,648.08,2,1296.16
2026-04-21,Smartphone X,Accessories,South,813.03,4,3252.12
2026-01-22,Mouse Pro,Audio,East,70.61,1,70.61
2026-06-21,Keyboard Mech,Audio,East,103.84,2,207.68
2026-02-22,Smart Watch,Gaming,South,261.76,1,261.76
2026-01-31,Wireless Earbuds,Computers,East,178.84,1,178.84
2026-06-27,Smartphone X,Accessories,East,877.1,3,2631.31
2026-07-03,Gaming Console,Gaming,Central,507.74,4,2030.96
2026-05-31,Keyboard Mech,Electronics,East,132.77,1,132.77
2026-06-19,Laptop Pro,Accessories,East,1203.47,4,4813.88
2026-02-19,Tablet Air,Accessories,East,434.65,4,1738.62
2026-03-16,Wireless Earbuds,Audio,North,143.86,4,575.43
2026-06-20,Mouse Pro,Electronics,South,83.87,1,83.87
2026-01-17,Smartphone X,Audio,North,943.21,4,3772.84
2026-05-24,Smartphone X,Accessories,West,730.51,3,2191.52
2026-06-21,Gaming Console,Audio,North,384.4,4,1537.6
2026-02-19,Monitor Ultra,Electronics,North,316.09,3,948.28
2026-06-28,Tablet Air,Computers,North,550.34,2,1100.68
2026-04-24,Gaming Console,Gaming,Central,495.95,3,1487.85
2026-06-20,Laptop Pro,Audio,East,1364.56,4,5458.24
2026-06-10,Tablet Air,Electronics,North,419.74,2,839.48
2026-03-03,Laptop Pro,Accessories,West,1169.39,1,1169.39
2026-05-27,Keyboard Mech,Electronics,West,133.96,3,401.87
2026-02-03,Laptop Pro,Audio,South,1240.91,4,4963.66
2026-05-01,Gaming Console,Electronics,West,394.88,2,789.76
2026-03-12,Laptop Pro,Electronics,South,1309.99,1,1309.99
2026-01-31,Wireless Earbuds,Audio,North,133.08,4,532.32
2026-03-20,Smart Watch,Electronics,Central,242.67,3,728.0
2026-07-08,Monitor Ultra,Gaming,West,345.85,2,691.7
2026-05-05,Wireless Earbuds,Electronics,West,166.83,2,333.66
2026-03-05,Mouse Pro,Electronics,Central,92.23,1,92.23
2026-05-02,Mouse Pro,Accessories,West,89.46,4,357.83
2026-04-04,Laptop Pro,Gaming,West,1202.81,1,1202.81
2026-03-28,Laptop Pro,Accessories,North,1088.9,5,5444.49
2026-04-13,Monitor Ultra,Audio,Central,349.96,3,1049.89
2026-04-19,Mouse Pro,Accessories,Central,86.73,1,86.73
2026-04-03,Wireless Earbuds,Accessories,Central,129.83,1,129.83
2026-01-19,Laptop Pro,Electronics,West,1033.55,1,1033.55
2026-05-06,Smartphone X,Audio,South,828.08,4,3312.31
2026-02-26,Wireless Earbuds,Gaming,Central,124.83,5,624.15
2026-02-17,Laptop Pro,Accessories,North,1253.87,4,5015.47
2026-02-19,Laptop Pro,Computers,South,1413.44,5,7067.2
2026-07-09,Wireless Earbuds,Gaming,West,152.24,3,456.73
2026-01-16,Smartphone X,Gaming,East,897.78,4,3591.11
2026-05-07,Keyboard Mech,Electronics,East,99.57,2,199.15
2026-06-23,Laptop Pro,Computers,South,1412.72,1,1412.72
2026-03-10,Keyboard Mech,Computers,South,117.38,1,117.38
2026-03-08,Smartphone X,Accessories,East,853.33,1,853.33
2026-06-05,Keyboard Mech,Gaming,East,129.89,2,259.79
2026-01-31,Laptop Pro,Electronics,East,1197.46,2,2394.92
2026-06-12,Smart Watch,Electronics,West,304.73,4,1218.9
2026-06-26,Monitor Ultra,Electronics,North,330.95,3,992.84
2026-02-24,Monitor Ultra,Gaming,East,287.28,3,861.85
2026-01-31,Smart Watch,Electronics,West,316.69,5,1583.44
2026-02-07,Keyboard Mech,Gaming,East,115.65,2,231.3
2026-03-05,Monitor Ultra,Computers,West,299.62,1,299.62
2026-06-24,Tablet Air,Computers,East,452.06,4,1808.23
2026-05-23,Smart Watch,Gaming,Central,349.65,3,1048.96
2026-03-30,Mouse Pro,Audio,Central,64.19,2,128.38
2026-02-09,Laptop Pro,Audio,South,1146.47,4,4585.87
2026-02-08,Smartphone X,Electronics,West,697.74,4,2790.95
2026-05-16,Tablet Air,Audio,South,547.05,1,547.05
2026-03-04,Monitor Ultra,Gaming,West,321.07,4,1284.27
2026-02-06,Mouse Pro,Accessories,South,74.23,2,148.46
2026-05-03,Laptop Pro,Electronics,North,1317.92,2,2635.84
2026-05-15,Smart Watch,Computers,Central,270.08,4,1080.3
2026-03-02,Smart Watch,Gaming,Central,354.76,5,1773.82
2026-04-22,Gaming Console,Computers,North,479.7,4,1918.8
2026-05-06,Smartphone X,Gaming,West,726.81,1,726.81
2026-06-15,Smart Watch,Accessories,Central,301.36,4,1205.44
2026-05-05,Monitor Ultra,Computers,West,284.08,3,852.24
2026-01-23,Monitor Ultra,Gaming,East,290.69,2,581.38
2026-05-24,Mouse Pro,Accessories,East,72.21,3,216.62
2026-06-03,Mouse Pro,Computers,West,77.67,1,77.67
2026-04-04,Laptop Pro,Accessories,East,961.79,5,4808.97
2026-04-18,Gaming Console,Audio,North,538.25,2,1076.49
2026-06-24,External SSD,Accessories,Central,181.39,1,181.39
2026-01-22,Monitor Ultra,Computers,South,282.23,1,282.23
2026-03-14,Monitor Ultra,Electronics,North,405.36,5,2026.79
2026-06-20,Smart Watch,Accessories,East,343.91,4,1375.64
2026-02-01,Monitor Ultra,Electronics,East,388.05,4,1552.21
2026-06-12,External SSD,Electronics,Central,189.45,2,378.9
2026-02-17,Smart Watch,Electronics,East,277.82,2,555.63
2026-04-09,Monitor Ultra,Computers,South,343.97,3,1031.9
2026-04-16,Keyboard Mech,Audio,West,142.07,2,284.13
2026-04-26,Smart Watch,Computers,East,285.5,1,285.5
2026-03-07,Tablet Air,Computers,North,470.26,5,2351.32
2026-03-04,Keyboard Mech,Computers,West,99.36,3,298.08
2026-03-05,Monitor Ultra,Accessories,North,372.93,2,745.86
2026-06-15,External SSD,Gaming,East,209.39,3,628.16
2026-02-08,Tablet Air,Audio,South,523.59,2,1047.19
2026-07-04,Monitor Ultra,Audio,Central,327.11,5,1635.53
2026-02-21,Laptop Pro,Computers,West,1113.84,5,5569.18
2026-06-06,External SSD,Accessories,Central,207.46,2,414.92
2026-02-25,Smart Watch,Gaming,South,305.63,1,305.63
2026-05-16,Laptop Pro,Audio,Central,1288.07,5,6440.33
2026-03-12,Keyboard Mech,Gaming,East,132.56,5,662.81
2026-03-02,Smart Watch,Audio,West,289.09,2,578.17
2026-02-26,Smart Watch,Electronics,West,290.56,3,871.68
2026-04-22,External SSD,Computers,North,221.77,4,887.08
2026-02-23,Tablet Air,Electronics,East,489.89,3,1469.66
2026-04-13,Laptop Pro,Electronics,South,1427.26,1,1427.26
2026-02-22,Laptop Pro,Electronics,North,1376.55,2,2753.09
2026-05-27,Tablet Air,Gaming,West,572.96,1,572.96
2026-05-13,Tablet Air,Audio,West,418.95,3,1256.85
2026-04-28,Wireless Earbuds,Audio,Central,120.96,1,120.96
2026-01-24,External SSD,Electronics,North,184.21,1,184.21
2026-04-15,Mouse Pro,Gaming,Central,87.04,3,261.13
2026-02-12,Wireless Earbuds,Electronics,Central,161.88,2,323.76
2026-04-06,Smartphone X,Electronics,West,758.86,1,758.86
2026-03-21,Gaming Console,Computers,Central,538.05,5,2690.23
2026-02-24,Mouse Pro,Gaming,South,84.66,3,253.98
2026-06-14,Smart Watch,Accessories,North,245.9,4,983.59
2026-02-11,Smartphone X,Gaming,Central,815.25,2,1630.5
2026-03-05,Mouse Pro,Computers,West,80.14,3,240.42
2026-06-18,Smart Watch,Electronics,East,331.32,5,1656.59
2026-01-29,External SSD,Audio,South,225.14,3,675.43
2026-04-28,Tablet Air,Computers,West,416.03,5,2080.15
2026-05-13,Gaming Console,Electronics,North,431.34,2,862.69
2026-06-13,Monitor Ultra,Electronics,North,413.42,4,1653.66
2026-03-06,External SSD,Accessories,North,226.86,3,680.57
2026-02-05,Wireless Earbuds,Gaming,East,131.63,1,131.63
2026-03-25,Tablet Air,Accessories,South,441.93,3,1325.8
2026-04-03,Monitor Ultra,Accessories,South,302.51,3,907.52
2026-06-14,Mouse Pro,Accessories,Central,68.68,1,68.68
2026-01-25,Laptop Pro,Computers,East,1063.79,3,3191.37
2026-01-29,Keyboard Mech,Audio,South,112.45,3,337.36
2026-01-22,External SSD,Computers,South,182.34,2,364.68
2026-06-08,Mouse Pro,Computers,Central,82.97,3,248.91
2026-01-31,Laptop Pro,Audio,East,1349.26,5,6746.31
2026-05-08,External SSD,Audio,East,204.99,1,204.99
2026-03-12,Smart Watch,Computers,East,345.97,4,1383.9
2026-02-08,Monitor Ultra,Electronics,North,324.14,2,648.29
2026-05-23,Tablet Air,Gaming,Central,433.41,3,1300.24
2026-01-31,Tablet Air,Electronics,East,495.91,3,1487.74
2026-06-16,Gaming Console,Gaming,Central,384.28,3,1152.84
2026-07-04,Monitor Ultra,Electronics,West,331.05,1,331.05
2026-03-03,Laptop Pro,Computers,West,1401.57,3,4204.71
2026-06-16,Wireless Earbuds,Electronics,South,172.18,1,172.18
2026-03-17,Smartphone X,Electronics,Central,651.98,5,3259.88
2026-02-22,Mouse Pro,Audio,West,82.45,4,329.8
2026-07-02,External SSD,Gaming,Central,190.58,3,571.73
2026-04-23,Laptop Pro,Computers,West,1321.72,3,3965.15
2026-05-04,Tablet Air,Computers,East,542.51,2,1085.03
2026-02-04,Laptop Pro,Accessories,East,1036.51,4,4146.03
2026-02-28,Wireless Earbuds,Electronics,South,141.68,5,708.4
2026-03-08,External SSD,Computers,South,194.32,3,582.96
2026-03-20,Smart Watch,Audio,West,293.61,4,1174.43
2026-05-20,Wireless Earbuds,Audio,West,130.98,2,261.96
2026-02-04,Monitor Ultra,Audio,East,362.81,2,725.62
2026-02-26,Smart Watch,Computers,Central,346.43,2,692.86
2026-04-07,Gaming Console,Audio,West,386.99,3,1160.98
2026-07-01,Mouse Pro,Audio,North,95.24,1,95.24
2026-04-18,External SSD,Accessories,Central,207.64,1,207.64
2026-02-08,Keyboard Mech,Accessories,South,115.14,1,115.14
2026-03-10,Gaming Console,Accessories,Central,371.57,3,1114.7
2026-02-06,Smartphone X,Electronics,West,919.65,1,919.65
2026-01-24,Tablet Air,Gaming,North,512.24,3,1536.71
2026-03-05,Mouse Pro,Gaming,South,80.62,5,403.1
2026-03-08,Laptop Pro,Electronics,South,961.75,1,961.75
2026-02-10,Smartphone X,Audio,North,737.24,1,737.24
2026-03-25,External SSD,Gaming,South,193.03,2,386.06
2026-03-01,Smartphone X,Gaming,North,815.01,2,1630.02
2026-06-09,Smartphone X,Electronics,North,840.84,4,3363.36
2026-04-20,Smartphone X,Audio,Central,651.78,3,1955.33
2026-02-25,Monitor Ultra,Computers,Central,282.93,3,848.8
2026-04-02,Mouse Pro,Computers,Central,74.65,3,223.94
2026-02-14,External SSD,Accessories,East,175.76,5,878.78
2026-03-21,Laptop Pro,Accessories,West,1288.23,1,1288.23
2026-03-31,Monitor Ultra,Accessories,Central,318.69,5,1593.47
2026-05-09,Gaming Console,Computers,South,371.9,3,1115.71
2026-02-28,Wireless Earbuds,Audio,East,164.05,4,656.2
2026-03-05,Mouse Pro,Gaming,South,74.02,2,148.04
2026-02-14,Smartphone X,Accessories,North,802.66,1,802.66
2026-01-26,Gaming Console,Audio,Central,392.24,1,392.24
2026-05-19,Monitor Ultra,Gaming,East,284.98,4,1139.92
2026-03-18,Smartphone X,Accessories,Central,708.14,3,2124.42
2026-03-02,Smart Watch,Computers,East,289.56,1,289.56
2026-04-27,Monitor Ultra,Computers,West,316.59,3,949.77
2026-01-25,Keyboard Mech,Audio,South,102.24,2,204.49
2026-06-04,Gaming Console,Electronics,Central,425.77,1,425.77
2026-06-15,Smart Watch,Electronics,North,340.41,2,680.82
2026-06-05,Laptop Pro,Accessories,West,1422.47,5,7112.33
2026-04-04,Smartphone X,Accessories,North,741.02,3,2223.05
2026-04-22,Keyboard Mech,Gaming,South,130.33,5,651.64
2026-03-10,Wireless Earbuds,Electronics,North,174.6,1,174.6
2026-06-20,Wireless Earbuds,Audio,North,175.19,3,525.56
2026-03-11,Tablet Air,Computers,East,547.14,2,1094.29
2026-02-14,Gaming Console,Gaming,West,479.43,2,958.86
2026-07-07,Laptop Pro,Gaming,North,1177.97,1,1177.97
2026-01-29,External SSD,Gaming,West,179.21,4,716.84
2026-04-15,Gaming Console,Gaming,North,439.09,5,2195.45
2026-05-26,Monitor Ultra,Audio,North,366.1,3,1098.29
2026-01-19,Smartphone X,Gaming,North,722.88,3,2168.63
2026-06-10,Wireless Earbuds,Computers,West,149.33,4,597.32
2026-06-25,Wireless Earbuds,Accessories,West,143.75,2,287.5
2026-05-01,Keyboard Mech,Accessories,East,136.72,3,410.16
2026-06-20,Keyboard Mech,Audio,East,104.79,5,523.97
2026-04-20,External SSD,Audio,South,194.36,1,194.36
2026-06-17,Keyboard Mech,Computers,South,106.41,4,425.65
2026-06-29,Laptop Pro,Accessories,East,1105.71,5,5528.56
2026-02-27,Wireless Earbuds,Audio,North,141.25,5,706.25
2026-03-18,External SSD,Computers,North,183.15,2,366.3
2026-06-30,Wireless Earbuds,Electronics,North,166.31,3,498.93
2026-05-01,Mouse Pro,Accessories,Central,74.08,2,148.15
2026-01-16,Wireless Earbuds,Electronics,North,172.05,4,688.21
2026-03-09,Gaming Console,Audio,South,526.15,1,526.15
2026-04-05,Keyboard Mech,Computers,West,109.13,3,327.38
2026-02-10,Tablet Air,Electronics,North,478.0,3,1434.0
2026-05-02,Keyboard Mech,Audio,West,130.94,3,392.81
2026-04-08,Smartphone X,Electronics,South,657.77,1,657.77
2026-02-16,Gaming Console,Accessories,North,476.97,5,2384.84
2026-02-10,Smartphone X,Gaming,West,884.4,2,1768.8
2026-03-17,Tablet Air,Computers,North,450.69,3,1352.07
2026-01-24,Mouse Pro,Audio,East,93.31,5,466.57
2026-04-24,Keyboard Mech,Audio,West,129.45,5,647.24
2026-05-23,Monitor Ultra,Gaming,Central,417.97,4,1671.87
2026-07-03,Monitor Ultra,Gaming,West,301.56,1,301.56
2026-05-09,Wireless Earbuds,Computers,West,166.56,2,333.11
2026-05-08,Smart Watch,Computers,North,295.34,1,295.34
2026-01-21,Tablet Air,Audio,Central,454.97,4,1819.88
2026-03-02,Smart Watch,Computers,South,353.38,2,706.77
2026-06-19,Smart Watch,Electronics,West,276.74,1,276.74
2026-02-22,Gaming Console,Accessories,West,379.36,5,1896.79
2026-06-28,Mouse Pro,Audio,West,92.57,5,462.85
2026-03-07,Monitor Ultra,Accessories,North,330.16,2,660.32
2026-02-16,Tablet Air,Accessories,North,570.17,4,2280.7
2026-01-23,Tablet Air,Computers,South,530.29,4,2121.15
2026-04-27,Monitor Ultra,Computers,East,302.53,5,1512.67
2026-02-27,Monitor Ultra,Audio,East,336.62,1,336.62
2026-04-14,Keyboard Mech,Accessories,South,103.03,4,412.12
2026-02-23,Monitor Ultra,Computers,North,397.42,2,794.84
2026-04-06,Mouse Pro,Audio,North,64.37,1,64.37
2026-06-02,External SSD,Accessories,South,191.29,4,765.15
2026-02-21,Tablet Air,Electronics,West,555.14,3,1665.43
2026-04-16,Gaming Console,Audio,West,478.82,5,2394.08
2026-06-28,Laptop Pro,Electronics,East,998.13,5,4990.64
2026-05-18,Smart Watch,Audio,Central,242.14,1,242.14
2026-04-30,Gaming Console,Accessories,Central,539.46,2,1078.93
2026-01-31,Gaming Console,Accessories,West,514.24,5,2571.18
2026-04-18,Wireless Earbuds,Gaming,South,150.11,1,150.11
2026-01-24,Laptop Pro,Gaming,East,1119.8,4,4479.21
2026-05-11,Monitor Ultra,Computers,West,309.93,2,619.86
2026-06-21,Tablet Air,Computers,West,437.14,4,1748.57
2026-06-16,Mouse Pro,Computers,Central,64.77,5,323.87
2026-01-22,Monitor Ultra,Accessories,North,378.69,2,757.39
2026-06-13,Laptop Pro,Electronics,Central,1135.73,4,4542.9
2026-03-20,External SSD,Accessories,North,228.04,2,456.08
2026-05-23,Mouse Pro,Electronics,West,68.38,5,341.91
2026-03-28,Smart Watch,Electronics,North,272.61,5,1363.07
2026-04-18,Tablet Air,Gaming,North,563.51,2,1127.01
2026-01-31,Tablet Air,Electronics,Central,595.42,5,2977.1
2026-06-24,Keyboard Mech,Accessories,East,141.98,4,567.9
2026-03-07,Mouse Pro,Audio,South,93.42,5,467.11
2026-04-24,Tablet Air,Computers,East,564.79,4,2259.14
2026-01-23,External SSD,Electronics,South,203.69,1,203.69
2026-02-28,Gaming Console,Audio,North,370.2,4,1480.79
2026-03-28,Smartphone X,Electronics,South,766.65,2,1533.3
2026-05-14,External SSD,Accessories,South,191.41,2,382.81
2026-03-18,Monitor Ultra,Electronics,West,385.0,2,770.0
2026-01-15,Monitor Ultra,Gaming,West,317.99,4,1271.95
2026-05-29,External SSD,Audio,East,172.41,5,862.05
2026-02-21,Mouse Pro,Electronics,Central,85.9,2,171.8
2026-02-20,Gaming Console,Computers,West,430.02,2,860.04
2026-05-21,Laptop Pro,Accessories,West,1022.94,5,5114.72
2026-07-12,Keyboard Mech,Accessories,South,112.77,4,451.09
2026-02-04,External SSD,Accessories,West,184.42,2,368.84
2026-06-21,Monitor Ultra,Audio,South,323.73,5,1618.66
2026-04-16,Monitor Ultra,Accessories,South,389.33,3,1168.0
2026-04-03,Monitor Ultra,Accessories,Central,322.46,4,1289.83
2026-05-15,Mouse Pro,Gaming,Central,78.44,1,78.44
2026-03-03,Wireless Earbuds,Gaming,West,157.51,5,787.53
2026-07-03,Gaming Console,Audio,East,488.65,4,1954.58
2026-02-13,Gaming Console,Audio,North,361.07,4,1444.3
2026-05-04,External SSD,Computers,South,181.1,4,724.42
2026-01-27,Wireless Earbuds,Audio,South,171.35,2,342.7
2026-03-10,Smart Watch,Electronics,South,300.73,1,300.73
2026-04-04,Smart Watch,Computers,Central,243.3,2,486.6
2026-02-10,Smart Watch,Electronics,North,252.68,5,1263.38
2026-07-11,Mouse Pro,Computers,North,75.6,3,226.79
2026-03-23,External SSD,Accessories,Central,230.78,2,461.56
2026-02-11,Wireless Earbuds,Computers,North,126.49,3,379.46
2026-01-27,Keyboard Mech,Electronics,North,143.76,2,287.52
2026-01-20,Mouse Pro,Accessories,Central,87.04,2,174.08
2026-04-03,Monitor Ultra,Gaming,West,306.39,4,1225.58
2026-06-15,Smartphone X,Audio,East,776.2,1,776.2
2026-06-21,Monitor Ultra,Gaming,North,344.23,3,1032.68
2026-02-27,Monitor Ultra,Computers,Central,331.13,1,331.13
2026-07-03,Laptop Pro,Audio,North,1400.28,3,4200.83
2026-06-18,Smartphone X,Audio,West,833.96,1,833.96
2026-07-09,Mouse Pro,Electronics,West,79.48,1,79.48
2026-04-24,External SSD,Computers,South,161.03,5,805.15
2026-06-30,Smartphone X,Electronics,South,919.19,3,2757.56
2026-03-12,Wireless Earbuds,Electronics,South,151.64,2,303.29
2026-02-09,Gaming Console,Electronics,North,401.42,3,1204.26
2026-04-26,Keyboard Mech,Gaming,Central,135.52,5,677.61
2026-03-22,Smart Watch,Computers,South,280.94,5,1404.72
2026-05-03,Wireless Earbuds,Electronics,West,154.49,2,308.97
2026-03-03,Gaming Console,Gaming,East,504.41,3,1513.23
2026-05-20,Mouse Pro,Gaming,West,64.26,1,64.26
2026-06-21,External SSD,Audio,North,221.37,5,1106.84
2026-06-12,Wireless Earbuds,Computers,West,134.12,3,402.36
2026-06-06,Smart Watch,Accessories,West,256.52,1,256.52
2026-02-15,Tablet Air,Computers,North,585.68,2,1171.36
2026-07-11,External SSD,Accessories,West,169.85,2,339.7
2026-03-18,Gaming Console,Gaming,West,376.9,3,1130.71
2026-05-27,Laptop Pro,Computers,East,1075.48,5,5377.42
2026-05-01,Smart Watch,Computers,South,340.11,2,680.23
2026-04-28,Wireless Earbuds,Computers,South,150.14,2,300.28
2026-06-03,External SSD,Gaming,West,206.97,3,620.91
2026-03-17,Laptop Pro,Gaming,North,1354.65,5,6773.23
2026-02-25,Keyboard Mech,Electronics,East,99.3,1,99.3
2026-01-18,Gaming Console,Gaming,Central,399.92,2,799.84
2026-06-04,Wireless Earbuds,Accessories,South,134.03,2,268.06
2026-07-03,Monitor Ultra,Computers,North,340.66,1,340.66
2026-05-19,Keyboard Mech,Accessories,South,105.83,5,529.16
2026-03-16,External SSD,Computers,North,236.03,1,236.03
2026-01-25,Keyboard Mech,Computers,West,120.56,5,602.8
2026-07-02,Keyboard Mech,Accessories,North,123.65,4,494.6
2026-02-06,Wireless Earbuds,Electronics,West,138.31,2,276.62
2026-06-01,External SSD,Accessories,West,208.87,4,835.47
2026-03-31,Gaming Console,Computers,North,455.92,3,1367.75
2026-06-12,Tablet Air,Audio,Central,422.49,3,1267.46
2026-07-10,Wireless Earbuds,Gaming,East,155.52,3,466.55
2026-02-14,Gaming Console,Audio,North,390.95,5,1954.74
2026-03-22,External SSD,Audio,West,225.41,4,901.64
2026-01-31,Tablet Air,Accessories,Central,442.67,5,2213.33
2026-05-24,Mouse Pro,Electronics,East,88.23,3,264.69
2026-05-11,Monitor Ultra,Gaming,South,388.48,3,1165.43
2026-06-21,Mouse Pro,Accessories,East,90.45,2,180.9
2026-06-06,Laptop Pro,Accessories,Central,1216.47,4,4865.87
2026-01-21,Keyboard Mech,Computers,West,108.52,2,217.04
2026-03-20,Monitor Ultra,Electronics,West,304.94,4,1219.74
2026-06-01,Wireless Earbuds,Audio,North,135.87,2,271.74
2026-03-19,Laptop Pro,Computers,West,1146.14,2,2292.27
2026-07-12,Laptop Pro,Audio,Central,1029.55,3,3088.64
2026-03-23,Mouse Pro,Computers,West,86.13,4,344.53
2026-05-23,External SSD,Accessories,West,206.02,3,618.05
2026-07-02,External SSD,Accessories,South,206.4,4,825.61
2026-06-11,Smart Watch,Electronics,South,306.51,4,1226.05
2026-04-24,Smartphone X,Audio,West,761.23,5,3806.15
2026-06-29,Mouse Pro,Electronics,North,64.33,1,64.33
2026-02-25,Smart Watch,Computers,North,339.45,2,678.91
2026-03-21,Laptop Pro,Audio,East,1210.58,2,2421.17
2026-04-29,Mouse Pro,Accessories,Central,92.74,4,370.95
2026-04-13,Wireless Earbuds,Computers,South,153.69,1,153.69
2026-01-21,Smartphone X,Audio,North,885.36,2,1770.72
2026-01-21,Gaming Console,Audio,North,451.23,4,1804.93
2026-02-16,Gaming Console,Computers,Central,387.79,3,1163.37
2026-03-06,Smart Watch,Computers,Central,295.32,1,295.32
2026-04-24,Mouse Pro,Accessories,South,95.85,3,287.55
2026-04-04,Gaming Console,Accessories,North,416.45,5,2082.25
2026-02-24,Mouse Pro,Computers,North,93.61,4,374.44
2026-05-21,Wireless Earbuds,Accessories,South,145.72,1,145.72
2026-05-28,Tablet Air,Electronics,East,571.13,4,2284.51
2026-02-07,Monitor Ultra,Electronics,North,333.39,3,1000.16
2026-03-22,Smart Watch,Accessories,West,344.83,5,1724.14
2026-04-05,Smartphone X,Audio,West,950.46,5,4752.32
2026-04-21,Keyboard Mech,Computers,West,137.12,2,274.25
2026-05-09,Laptop Pro,Computers,South,1286.75,2,2573.51
2026-03-04,Wireless Earbuds,Electronics,Central,134.59,3,403.77
2026-01-27,Keyboard Mech,Electronics,East,107.55,1,107.55
2026-05-08,Wireless Earbuds,Computers,West,150.15,5,750.73
2026-01-17,Keyboard Mech,Electronics,Central,142.1,3,426.29
2026-06-08,Smart Watch,Electronics,West,336.34,1,336.34
2026-05-18,Smartphone X,Computers,East,675.07,2,1350.14
2026-02-18,Mouse Pro,Audio,East,72.74,4,290.94
2026-07-12,Smart Watch,Computers,West,283.43,2,566.86
2026-05-16,Smartphone X,Accessories,North,897.62,1,897.62
2026-04-03,Tablet Air,Gaming,East,431.71,5,2158.54
2026-06-14,Keyboard Mech,Gaming,West,119.37,5,596.86
2026-02-21,Gaming Console,Computers,North,418.17,3,1254.51
2026-02-19,Smartphone X,Audio,Central,749.63,5,3748.16
2026-03-19,Smart Watch,Computers,East,300.67,3,902.01
2026-04-18,External SSD,Audio,West,220.08,1,220.08
2026-02-25,Wireless Earbuds,Accessories,South,166.2,5,831.01
2026-04-15,External SSD,Audio,East,225.04,4,900.14
2026-03-24,Tablet Air,Electronics,North,507.63,4,2030.52
2026-04-26,Wireless Earbuds,Gaming,North,124.15,1,124.15
2026-06-18,Tablet Air,Gaming,North,430.64,1,430.64
2026-03-11,Wireless Earbuds,Gaming,South,166.81,2,333.61
2026-06-23,Monitor Ultra,Computers,East,296.12,3,888.37
2026-07-12,Smartphone X,Electronics,Central,823.05,5,4115.23
2026-04-03,Gaming Console,Accessories,East,406.62,1,406.62
2026-05-22,Tablet Air,Gaming,North,490.91,2,981.81
2026-02-25,Smart Watch,Audio,North,258.65,1,258.65
2026-05-23,Keyboard Mech,Electronics,West,116.16,3,348.48
2026-02-23,Laptop Pro,Electronics,North,1438.82,5,7194.09
2026-02-03,Keyboard Mech,Audio,South,103.98,2,207.96
2026-05-04,Smartphone X,Gaming,Central,745.6,4,2982.41
2026-03-28,Gaming Console,Electronics,North,452.04,2,904.07
2026-03-11,Tablet Air,Audio,North,525.14,4,2100.55
2026-01-22,Keyboard Mech,Electronics,South,128.72,4,514.89
2026-06-27,Gaming Console,Computers,East,448.29,2,896.58
2026-06-25,Wireless Earbuds,Accessories,North,139.58,4,558.33
2026-05-21,Tablet Air,Accessories,East,440.16,4,1760.66
2026-02-24,Smartphone X,Audio,South,690.55,4,2762.2
2026-04-28,Keyboard Mech,Electronics,Central,119.49,2,238.98
2026-05-30,Mouse Pro,Gaming,South,78.34,4,313.38
2026-02-04,External SSD,Electronics,North,188.31,4,753.23
2026-05-26,Smart Watch,Computers,North,333.83,5,1669.17
2026-04-18,External SSD,Gaming,East,180.87,3,542.62
2026-04-15,Monitor Ultra,Electronics,West,351.59,3,1054.76
2026-03-18,Wireless Earbuds,Computers,Central,137.85,5,689.25
2026-03-11,Mouse Pro,Audio,North,69.26,3,207.78
2026-04-06,Gaming Console,Audio,South,392.06,3,1176.19
2026-06-21,Smartphone X,Audio,North,782.21,5,3911.07
2026-03-08,Keyboard Mech,Computers,South,140.36,5,701.78
2026-06-18,Monitor Ultra,Computers,South,343.56,1,343.56
2026-07-10,Smartphone X,Audio,East,771.74,5,3858.71
2026-05-11,External SSD,Computers,West,182.32,3,546.97
2026-02-07,Mouse Pro,Electronics,West,67.76,1,67.76
2026-06-09,Tablet Air,Accessories,East,471.21,2,942.42
2026-04-08,Wireless Earbuds,Electronics,East,146.82,3,440.47
2026-03-16,Smartphone X,Audio,Central,862.65,4,3450.59
2026-04-21,Keyboard Mech,Electronics,West,113.87,1,113.87
2026-06-08,Gaming Console,Computers,North,496.9,3,1490.7
2026-01-14,Wireless Earbuds,Audio,West,124.5,3,373.49
2026-05-10,Laptop Pro,Electronics,North,1237.6,2,2475.2
2026-06-09,Gaming Console,Accessories,Central,385.3,3,1155.91
2026-06-15,Keyboard Mech,Accessories,Central,116.14,3,348.41
2026-06-09,Keyboard Mech,Accessories,South,117.27,2,234.54
2026-01-30,Laptop Pro,Computers,North,1050.58,3,3151.75
2026-03-30,Wireless Earbuds,Accessories,North,133.26,4,533.06
2026-01-27,Monitor Ultra,Gaming,West,328.32,2,656.64
2026-05-29,Keyboard Mech,Electronics,East,119.35,4,477.39
2026-05-18,External SSD,Electronics,West,201.36,1,201.36
2026-06-28,Monitor Ultra,Computers,Central,403.89,4,1615.56
2026-05-08,Wireless Earbuds,Accessories,North,168.98,1,168.98
2026-07-07,Smart Watch,Gaming,North,316.6,5,1583.01
2026-05-06,Gaming Console,Gaming,West,518.96,1,518.96
2026-06-26,Mouse Pro,Electronics,North,65.65,2,131.29
2026-02-11,Wireless Earbuds,Gaming,East,154.59,2,309.17
2026-02-11,Monitor Ultra,Computers,North,340.37,3,1021.12
2026-02-07,Laptop Pro,Electronics,West,1163.17,1,1163.17
2026-01-16,Gaming Console,Audio,North,373.0,2,746.01
2026-06-20,Smartphone X,Computers,South,933.85,2,1867.71
2026-06-25,Mouse Pro,Accessories,South,81.71,1,81.71
2026-03-28,Laptop Pro,Audio,Central,966.14,5,4830.71
2026-06-07,External SSD,Accessories,Central,228.38,2,456.75
2026-02-28,Gaming Console,Electronics,East,391.12,3,1173.37
2026-02-10,Gaming Console,Computers,East,498.46,3,1495.38
2026-03-16,Tablet Air,Electronics,West,595.47,2,1190.95
2026-03-25,Laptop Pro,Electronics,East,1355.61,4,5422.44
2026-06-14,Monitor Ultra,Computers,North,295.12,3,885.35
2026-02-17,Tablet Air,Audio,North,530.82,4,2123.29
2026-06-23,Smartphone X,Gaming,South,885.61,5,4428.05
2026-01-18,Monitor Ultra,Accessories,West,382.86,1,382.86
2026-06-07,Smart Watch,Electronics,Central,317.6,3,952.8
2026-04-11,Smartphone X,Accessories,North,843.83,5,4219.17
2026-03-01,Keyboard Mech,Audio,East,135.47,2,270.93
2026-05-04,External SSD,Gaming,Central,177.97,1,177.97
2026-05-19,Tablet Air,Audio,South,514.31,5,2571.57
2026-03-19,Smart Watch,Accessories,North,310.3,2,620.6
2026-01-14,Wireless Earbuds,Computers,Central,160.36,3,481.09
2026-07-04,External SSD,Accessories,South,193.07,4,772.27
2026-06-11,Monitor Ultra,Accessories,North,305.64,5,1528.21
2026-03-22,External SSD,Accessories,North,214.39,4,857.56
2026-06-15,Smartphone X,Computers,West,895.78,5,4478.91
2026-06-07,Monitor Ultra,Gaming,Central,301.22,4,1204.88
2026-03-12,Laptop Pro,Audio,South,1079.03,5,5395.14
2026-01-27,Keyboard Mech,Gaming,South,119.48,2,238.95
2026-03-09,Keyboard Mech,Audio,South,105.09,2,210.17
2026-04-09,External SSD,Computers,South,164.22,1,164.22
2026-01-29,Wireless Earbuds,Gaming,West,120.85,2,241.7
2026-06-19,Tablet Air,Audio,South,509.7,2,1019.41
2026-01-15,Smartphone X,Accessories,Central,688.87,1,688.87
2026-04-30,Mouse Pro,Gaming,East,75.33,3,226.0
2026-05-17,External SSD,Electronics,West,216.03,2,432.06
2026-04-21,External SSD,Audio,Central,225.11,2,450.21
2026-03-21,External SSD,Electronics,West,172.99,5,864.96
2026-06-30,External SSD,Audio,North,208.51,2,417.01
2026-01-26,Mouse Pro,Gaming,North,88.85,4,355.41
2026-04-17,Laptop Pro,Accessories,Central,1369.2,1,1369.2
2026-06-18,Wireless Earbuds,Gaming,East,152.66,5,763.3
2026-07-10,Monitor Ultra,Computers,South,360.99,4,1443.95
2026-05-12,Tablet Air,Accessories,West,470.46,2,940.93
2026-02-17,Smart Watch,Audio,East,296.3,2,592.6
2026-03-01,Wireless Earbuds,Audio,North,174.2,4,696.79
2026-01-31,Laptop Pro,Gaming,South,1218.86,1,1218.86
2026-02-20,Tablet Air,Computers,East,471.37,2,942.74
2026-06-02,Smart Watch,Gaming,North,345.87,2,691.74
2026-04-03,Smartphone X,Gaming,North,684.57,1,684.57
2026-03-21,External SSD,Gaming,Central,165.46,2,330.92
2026-03-17,Smartphone X,Audio,Central,672.04,5,3360.18
2026-02-18,Monitor Ultra,Accessories,East,306.05,3,918.15
2026-02-09,Smartphone X,Audio,East,916.24,5,4581.22
2026-02-19,Smartphone X,Computers,West,747.75,3,2243.25
2026-04-24,Monitor Ultra,Electronics,Central,343.13,1,343.13
2026-04-30,External SSD,Audio,South,201.1,5,1005.49
2026-04-07,Keyboard Mech,Accessories,Central,102.46,3,307.38
2026-05-05,Smartphone X,Computers,North,735.1,3,2205.29
2026-06-14,Laptop Pro,Gaming,South,1027.03,5,5135.13
2026-01-20,Smartphone X,Electronics,South,689.92,4,2759.7
2026-03-27,External SSD,Electronics,West,225.37,3,676.12
2026-05-14,Smart Watch,Computers,South,261.35,3,784.06
2026-03-04,Keyboard Mech,Electronics,East,143.13,2,286.26
2026-04-07,Gaming Console,Electronics,Central,488.05,3,1464.14
2026-02-15,Wireless Earbuds,Electronics,Central,169.16,5,845.78
2026-06-27,Monitor Ultra,Gaming,North,350.29,3,1050.87
2026-01-18,Wireless Earbuds,Accessories,South,129.48,2,258.97
2026-03-02,Monitor Ultra,Computers,North,412.38,2,824.76
2026-05-28,Monitor Ultra,Computers,South,338.53,3,1015.6
2026-04-08,Smart Watch,Gaming,West,325.92,4,1303.67
2026-03-21,Laptop Pro,Gaming,Central,1158.54,5,5792.71
2026-03-17,Wireless Earbuds,Audio,West,134.81,4,539.23
2026-03-15,Laptop Pro,Electronics,West,1249.91,2,2499.82
2026-03-21,Laptop Pro,Audio,North,1160.38,2,2320.77
2026-02-01,Wireless Earbuds,Computers,North,164.67,2,329.35
2026-04-02,Keyboard Mech,Electronics,West,102.27,2,204.54
2026-02-10,Smart Watch,Electronics,Central,344.99,1,344.99
2026-07-08,Tablet Air,Electronics,North,574.76,2,1149.53
2026-02-11,Tablet Air,Computers,South,536.59,4,2146.35
2026-01-22,Smartphone X,Audio,East,747.33,1,747.33
2026-05-02,Mouse Pro,Gaming,West,87.67,5,438.37
2026-05-10,Smart Watch,Accessories,West,318.35,4,1273.42
2026-03-15,Keyboard Mech,Computers,West,110.56,5,552.81
2026-03-24,Tablet Air,Electronics,North,440.78,4,1763.11
2026-05-22,Tablet Air,Computers,West,560.34,2,1120.69
2026-05-17,Smartphone X,Accessories,Central,650.16,4,2600.65
2026-02-15,Keyboard Mech,Electronics,West,129.72,4,518.9
2026-06-15,Smartphone X,Gaming,East,878.43,1,878.43
2026-03-02,Mouse Pro,Electronics,East,88.41,1,88.41
2026-05-12,Monitor Ultra,Gaming,North,365.7,2,731.41
2026-06-30,Monitor Ultra,Accessories,North,369.98,3,1109.94
2026-04-20,Smartphone X,Audio,South,901.52,1,901.52
2026-05-15,Laptop Pro,Electronics,East,1000.09,2,2000.18
2026-02-21,Laptop Pro,Electronics,North,1219.47,2,2438.94
2026-06-05,Smart Watch,Audio,East,326.17,5,1630.87
2026-02-17,Laptop Pro,Electronics,West,1270.9,5,6354.48
2026-03-12,Keyboard Mech,Computers,East,117.37,1,117.37
2026-02-03,Wireless Earbuds,Audio,South,135.54,3,406.61
2026-05-16,Gaming Console,Gaming,South,525.07,2,1050.14
2026-04-21,Monitor Ultra,Computers,Central,375.49,1,375.49
2026-02-01,Gaming Console,Electronics,East,449.86,4,1799.43
2026-03-10,Smartphone X,Audio,Central,957.5,2,1915.01
2026-03-01,Mouse Pro,Electronics,East,87.51,1,87.51
2026-05-12,Laptop Pro,Electronics,Central,1318.34,3,3955.01
2026-06-19,Mouse Pro,Gaming,South,70.24,4,280.97
2026-06-14,Keyboard Mech,Gaming,South,142.72,5,713.6
2026-04-13,Mouse Pro,Gaming,South,86.88,4,347.54
2026-02-27,Smart Watch,Accessories,South,329.55,3,988.65
2026-03-09,Monitor Ultra,Computers,Central,293.8,4,1175.2
2026-03-20,Wireless Earbuds,Audio,South,173.69,5,868.44
2026-05-28,External SSD,Audio,East,212.85,2,425.71
2026-02-03,Gaming Console,Gaming,Central,430.08,1,430.08
2026-04-09,Laptop Pro,Electronics,South,1126.68,5,5633.4
2026-06-25,Mouse Pro,Electronics,North,68.05,5,340.27
2026-05-26,Gaming Console,Accessories,South,461.22,3,1383.67
2026-03-26,Tablet Air,Electronics,South,452.91,4,1811.65
2026-06-15,Mouse Pro,Audio,South,85.4,2,170.8
2026-02-19,Monitor Ultra,Computers,North,314.72,4,1258.89
2026-04-06,Gaming Console,Accessories,East,388.55,3,1165.66
2026-01-27,Laptop Pro,Accessories,East,1216.05,3,3648.16
2026-05-22,Mouse Pro,Audio,South,95.39,5,476.95
2026-04-02,External SSD,Computers,West,164.36,2,328.73
2026-03-05,Laptop Pro,Computers,South,1275.97,3,3827.9
2026-05-20,External SSD,Gaming,West,239.73,3,719.2
2026-03-20,Smartphone X,Computers,Central,790.61,1,790.61
2026-06-29,Smartphone X,Computers,Central,862.66,4,3450.65
2026-06-05,Laptop Pro,Audio,West,1372.36,4,5489.43
2026-06-15,Tablet Air,Audio,East,543.27,4,2173.08
2026-03-23,Wireless Earbuds,Electronics,South,138.4,4,553.61
2026-03-14,Keyboard Mech,Computers,North,143.57,5,717.85
2026-06-30,Monitor Ultra,Electronics,West,399.57,3,1198.71
2026-02-18,Tablet Air,Gaming,West,530.87,4,2123.47
2026-04-23,Monitor Ultra,Gaming,Central,352.76,2,705.51
2026-03-15,Monitor Ultra,Computers,South,344.85,4,1379.41
2026-05-09,Laptop Pro,Electronics,East,1318.77,5,6593.87
2026-01-21,Keyboard Mech,Accessories,South,119.51,3,358.54
2026-05-16,Smart Watch,Electronics,Central,290.12,1,290.12
2026-05-07,Keyboard Mech,Electronics,East,116.84,2,233.69
2026-06-24,Laptop Pro,Accessories,East,984.77,3,2954.32
2026-06-10,Smart Watch,Electronics,Central,313.12,3,939.36
2026-03-08,Mouse Pro,Computers,Central,87.02,4,348.08
2026-06-05,Mouse Pro,Audio,Central,93.1,2,186.21
2026-04-11,Laptop Pro,Audio,South,1418.07,1,1418.07
2026-01-18,Keyboard Mech,Gaming,Central,114.66,4,458.63
2026-02-20,Tablet Air,Computers,North,416.69,2,833.38
2026-04-15,Laptop Pro,Audio,West,1278.2,3,3834.59
2026-02-02,Smart Watch,Computers,South,354.48,2,708.95
2026-01-15,Monitor Ultra,Accessories,South,314.19,4,1256.75
2026-02-21,Mouse Pro,Audio,South,87.62,2,175.24
2026-03-13,Smartphone X,Audio,Central,845.87,4,3383.5
2026-06-16,Smartphone X,Accessories,North,773.95,2,1547.91
2026-01-16,Monitor Ultra,Audio,Central,342.58,4,1370.34
2026-01-29,Monitor Ultra,Computers,North,401.86,3,1205.58
2026-02-28,Tablet Air,Audio,West,542.02,2,1084.04
2026-03-10,External SSD,Computers,West,218.83,4,875.34
2026-06-15,Tablet Air,Computers,Central,597.78,1,597.78
2026-06-03,Wireless Earbuds,Gaming,Central,164.17,5,820.83
2026-06-25,Monitor Ultra,Gaming,West,290.79,2,581.59
2026-05-28,Monitor Ultra,Computers,East,390.27,4,1561.1
2026-04-11,Keyboard Mech,Audio,West,107.05,2,214.11
2026-01-30,Keyboard Mech,Computers,East,127.79,5,638.97
2026-01-18,Keyboard Mech,Gaming,West,134.83,4,539.33
2026-07-03,Mouse Pro,Electronics,North,64.97,4,259.87
2026-05-11,Laptop Pro,Electronics,Central,965.59,4,3862.34
2026-05-03,Smart Watch,Electronics,North,266.81,5,1334.06
2026-05-01,Keyboard Mech,Electronics,East,143.32,4,573.27
2026-06-20,Gaming Console,Gaming,East,500.74,1,500.74
2026-04-07,Tablet Air,Accessories,West,444.91,4,1779.66
2026-02-24,Tablet Air,Electronics,South,475.92,4,1903.69
2026-06-11,Keyboard Mech,Computers,Central,101.83,1,101.83
2026-05-08,Mouse Pro,Audio,West,74.44,3,223.33
2026-05-01,Smart Watch,Accessories,East,354.25,3,1062.74
2026-01-25,External SSD,Electronics,East,211.4,2,422.8
2026-04-29,Tablet Air,Electronics,Central,564.65,1,564.65
2026-03-14,Gaming Console,Computers,Central,436.17,3,1308.52
2026-01-23,Laptop Pro,Electronics,East,1225.62,3,3676.85
2026-04-26,Mouse Pro,Audio,South,87.53,4,350.13
2026-06-24,Keyboard Mech,Audio,West,101.1,5,505.48
2026-03-07,Keyboard Mech,Gaming,North,102.25,4,408.99
2026-05-10,Mouse Pro,Audio,East,81.13,5,405.67
2026-05-24,Smartphone X,Gaming,South,750.82,4,3003.28
2026-06-16,Keyboard Mech,Audio,South,104.48,2,208.96
2026-04-09,Wireless Earbuds,Accessories,South,148.93,4,595.72
2026-03-04,Tablet Air,Electronics,South,574.54,2,1149.08
2026-06-16,Monitor Ultra,Computers,North,368.28,3,1104.85
2026-03-30,Gaming Console,Gaming,North,445.65,1,445.65
2026-06-17,Tablet Air,Gaming,East,471.19,2,942.39
2026-05-04,Wireless Earbuds,Audio,South,162.04,5,810.18
2026-02-17,Smart Watch,Accessories,North,243.95,2,487.89
2026-05-19,Monitor Ultra,Electronics,Central,356.54,3,1069.63
2026-07-03,Tablet Air,Accessories,West,529.5,1,529.5
2026-01-14,Monitor Ultra,Accessories,North,391.03,2,782.06
2026-04-06,Wireless Earbuds,Gaming,North,146.03,5,730.14
2026-03-31,Gaming Console,Electronics,Central,484.64,5,2423.18
2026-07-05,Mouse Pro,Computers,Central,79.45,4,317.79
2026-06-04,Gaming Console,Accessories,East,382.88,5,1914.42
2026-03-18,Gaming Console,Gaming,East,458.32,5,2291.62
2026-04-23,Gaming Console,Gaming,East,488.85,5,2444.23
2026-05-11,Monitor Ultra,Computers,Central,332.38,5,1661.88
2026-06-21,Mouse Pro,Computers,West,92.48,4,369.92
2026-03-05,Keyboard Mech,Audio,East,135.01,3,405.04
2026-04-25,Keyboard Mech,Accessories,Central,125.56,1,125.56
2026-03-04,Monitor Ultra,Electronics,North,284.36,5,1421.82
2026-01-19,Wireless Earbuds,Audio,West,130.28,3,390.85
2026-03-09,Mouse Pro,Audio,Central,64.35,3,193.04
2026-04-23,Smartphone X,Computers,South,824.54,3,2473.62
2026-03-09,Smartphone X,Accessories,South,652.05,3,1956.16
2026-06-03,Laptop Pro,Electronics,North,1376.81,2,2753.62
2026-05-14,Mouse Pro,Audio,South,79.34,3,238.01
2026-02-08,Keyboard Mech,Audio,North,105.16,3,315.48
2026-03-03,Smart Watch,Computers,North,298.93,3,896.78
2026-06-30,Smartphone X,Gaming,South,852.29,3,2556.88
2026-02-19,Monitor Ultra,Computers,East,305.01,2,610.02
2026-05-09,Tablet Air,Accessories,North,597.2,1,597.2
2026-06-13,Monitor Ultra,Audio,North,406.11,5,2030.55
2026-04-29,External SSD,Gaming,West,204.87,1,204.87
2026-02-13,Smartphone X,Audio,South,920.5,3,2761.51
2026-02-14,Mouse Pro,Gaming,West,65.42,5,327.1
2026-04-27,Tablet Air,Audio,Central,591.42,4,2365.68
2026-02-14,Gaming Console,Computers,South,481.87,1,481.87
2026-01-16,Keyboard Mech,Electronics,South,139.16,3,417.47
2026-05-15,Laptop Pro,Gaming,West,1307.3,2,2614.6
2026-04-02,Keyboard Mech,Accessories,South,124.73,4,498.93
2026-04-19,Smartphone X,Gaming,South,834.11,3,2502.34
2026-02-15,Smartphone X,Gaming,West,857.3,3,2571.89
2026-04-04,Smartphone X,Accessories,South,825.21,2,1650.42
2026-07-08,Monitor Ultra,Audio,South,326.69,2,653.39
2026-02-02,Keyboard Mech,Gaming,East,103.88,5,519.4
2026-02-24,Wireless Earbuds,Electronics,East,175.59,1,175.59
2026-05-03,External SSD,Computers,Central,216.4,3,649.19
2026-04-03,Wireless Earbuds,Computers,South,134.27,2,268.53
2026-03-15,Gaming Console,Electronics,East,497.34,4,1989.34
2026-01-16,Mouse Pro,Computers,West,86.19,5,430.97
2026-03-29,Smartphone X,Electronics,South,765.87,3,2297.6
2026-04-09,Smartphone X,Audio,South,659.27,2,1318.54
2026-04-11,Smartphone X,Audio,East,926.35,4,3705.41
2026-01-19,External SSD,Electronics,East,171.1,4,684.39
2026-06-01,Gaming Console,Audio,Central,426.12,2,852.23
2026-03-12,Smartphone X,Audio,South,789.63,5,3948.15
2026-05-03,Laptop Pro,Electronics,South,1393.26,2,2786.52
2026-04-28,Smartphone X,Audio,East,942.91,4,3771.65
2026-04-05,Keyboard Mech,Gaming,South,119.49,1,119.49
2026-06-21,Smartphone X,Gaming,East,959.93,3,2879.78
2026-02-09,Laptop Pro,Electronics,East,1149.82,2,2299.65
2026-01-25,Laptop Pro,Audio,South,1310.45,2,2620.9
2026-01-25,Smart Watch,Audio,Central,283.63,4,1134.53
2026-01-27,Gaming Console,Computers,East,529.52,1,529.52
2026-05-01,Gaming Console,Gaming,Central,374.11,1,374.11
2026-02-17,Gaming Console,Gaming,East,518.15,1,518.15
2026-01-28,Smartphone X,Gaming,Central,726.96,2,1453.91
2026-06-27,Monitor Ultra,Electronics,East,290.54,3,871.61
2026-05-23,Smartphone X,Computers,North,915.21,4,3660.84
2026-07-09,Wireless Earbuds,Electronics,North,158.35,1,158.35
2026-05-07,Monitor Ultra,Audio,West,417.51,1,417.51
2026-07-11,Gaming Console,Electronics,West,399.29,2,798.58
2026-05-16,Smartphone X,Audio,Central,727.48,2,1454.96
2026-01-15,Laptop Pro,Accessories,South,1344.38,3,4033.14
2026-05-24,Gaming Console,Computers,Central,504.44,1,504.44
2026-03-22,Gaming Console,Computers,South,532.16,2,1064.31
2026-05-14,Smartphone X,Electronics,South,946.25,5,4731.26
2026-06-23,Monitor Ultra,Computers,South,330.63,1,330.63
2026-04-21,External SSD,Accessories,Central,190.8,3,572.39
2026-04-19,Gaming Console,Audio,Central,388.59,1,388.59
2026-05-31,Laptop Pro,Gaming,South,1220.47,4,4881.88
2026-05-28,Gaming Console,Computers,Central,416.6,4,1666.4
2026-05-16,Smartphone X,Audio,South,736.83,1,736.83
2026-03-09,Tablet Air,Gaming,South,492.14,3,1476.42
2026-04-07,Wireless Earbuds,Gaming,North,173.68,1,173.68
2026-07-01,Mouse Pro,Computers,North,74.58,2,149.16
2026-02-07,Laptop Pro,Accessories,Central,1439.14,1,1439.14
2026-06-04,Gaming Console,Electronics,North,432.53,2,865.05
2026-01-25,Keyboard Mech,Audio,East,129.5,5,647.5
2026-05-19,Gaming Console,Electronics,West,364.23,3,1092.69
2026-05-16,Monitor Ultra,Audio,South,363.4,3,1090.21
2026-03-28,External SSD,Electronics,Central,172.07,1,172.07
2026-04-19,Smart Watch,Audio,Central,305.88,2,611.76
2026-03-05,Smart Watch,Electronics,North,265.85,5,1329.27
2026-03-30,Smart Watch,Computers,East,283.23,2,566.46
2026-04-05,Mouse Pro,Gaming,East,95.69,2,191.39
2026-06-14,Tablet Air,Accessories,Central,527.36,2,1054.71
2026-02-20,Gaming Console,Accessories,Central,360.73,5,1803.67
2026-03-10,Smart Watch,Electronics,West,325.38,2,650.76
2026-06-12,Wireless Earbuds,Audio,West,177.83,5,889.15
2026-02-25,Laptop Pro,Computers,South,1232.91,4,4931.64
2026-03-09,Mouse Pro,Accessories,South,68.21,5,341.04
2026-05-03,Wireless Earbuds,Gaming,North,173.8,2,347.59
2026-05-28,Monitor Ultra,Electronics,East,357.94,3,1073.83
2026-02-02,Gaming Console,Audio,North,498.67,4,1994.7
2026-06-12,Smart Watch,Computers,West,344.09,1,344.09
2026-05-03,Mouse Pro,Gaming,North,78.51,2,157.02
2026-02-09,Laptop Pro,Audio,South,1145.85,4,4583.42
2026-03-26,External SSD,Accessories,West,181.22,4,724.89
2026-07-01,Mouse Pro,Audio,Central,70.15,4,280.6
2026-06-05,Smart Watch,Electronics,Central,292.44,5,1462.2
2026-05-27,Monitor Ultra,Audio,West,335.31,2,670.62
2026-02-04,Keyboard Mech,Electronics,Central,115.53,5,577.63
2026-03-14,Keyboard Mech,Audio,West,132.6,4,530.4
2026-05-11,Tablet Air,Accessories,East,547.71,4,2190.83
2026-05-09,Gaming Console,Computers,East,538.93,3,1616.8
2026-06-15,Smart Watch,Electronics,South,257.75,3,773.26
2026-02-09,Wireless Earbuds,Computers,East,162.55,1,162.55
2026-05-04,Tablet Air,Electronics,North,501.14,4,2004.57
2026-03-10,Wireless Earbuds,Computers,South,124.73,4,498.92
2026-01-16,Mouse Pro,Accessories,North,76.78,1,76.78
2026-01-21,Keyboard Mech,Gaming,West,123.37,5,616.83
2026-06-09,Keyboard Mech,Audio,North,101.19,3,303.58
2026-02-25,External SSD,Accessories,West,178.96,4,715.85
2026-05-30,Tablet Air,Accessories,West,556.68,3,1670.05
2026-02-22,Monitor Ultra,Computers,North,331.23,3,993.68
2026-04-12,Gaming Console,Audio,West,539.26,1,539.26
2026-07-05,Monitor Ultra,Electronics,North,412.06,1,412.06
2026-03-20,Keyboard Mech,Computers,South,137.46,1,137.46
2026-04-04,Monitor Ultra,Computers,South,329.7,1,329.7
2026-02-01,Laptop Pro,Computers,South,1299.7,1,1299.7
2026-02-23,Keyboard Mech,Audio,North,117.54,5,587.72
2026-06-05,Gaming Console,Electronics,West,410.71,5,2053.53
2026-06-27,Monitor Ultra,Audio,East,329.32,2,658.63
2026-06-18,Keyboard Mech,Electronics,East,142.25,1,142.25
2026-02-27,Mouse Pro,Gaming,North,80.9,3,242.7
2026-02-20,Monitor Ultra,Audio,Central,417.3,4,1669.2
2026-01-22,External SSD,Computers,Central,197.57,4,790.3
2026-04-23,Smartphone X,Electronics,West,828.83,3,2486.48
2026-02-27,Monitor Ultra,Accessories,East,312.34,3,937.02
2026-01-23,Wireless Earbuds,Electronics,West,160.83,1,160.83
2026-02-25,Smart Watch,Computers,Central,295.22,5,1476.08
2026-03-30,Wireless Earbuds,Electronics,East,142.8,5,713.98
2026-06-30,Laptop Pro,Computers,West,1372.78,5,6863.91
2026-07-07,External SSD,Electronics,North,237.59,5,1187.94
2026-02-06,Wireless Earbuds,Electronics,Central,166.23,1,166.23
2026-02-28,Smartphone X,Accessories,South,710.89,1,710.89
2026-01-28,Wireless Earbuds,Audio,East,173.13,1,173.13
2026-03-22,Laptop Pro,Audio,South,1374.1,2,2748.21
2026-03-22,Wireless Earbuds,Computers,East,146.54,3,439.63
2026-03-25,Smart Watch,Accessories,Central,303.41,5,1517.07
2026-03-29,Laptop Pro,Audio,Central,1398.64,5,6993.22
2026-05-29,Keyboard Mech,Accessories,North,101.99,5,509.93
2026-03-17,Tablet Air,Gaming,North,544.62,1,544.62
2026-07-03,Smart Watch,Gaming,West,289.93,2,579.87
2026-03-12,Monitor Ultra,Computers,South,383.09,4,1532.38
2026-05-15,Smartphone X,Electronics,South,674.83,5,3374.17
2026-05-12,Smartphone X,Audio,Central,721.51,2,1443.01
2026-05-01,Mouse Pro,Electronics,South,84.19,1,84.19
2026-04-24,Mouse Pro,Gaming,West,64.22,5,321.1
2026-05-31,Tablet Air,Audio,South,481.05,5,2405.23
2026-05-09,Wireless Earbuds,Computers,West,126.05,5,630.24
2026-07-09,Smartphone X,Electronics,East,808.0,3,2424.01
2026-03-15,Smartphone X,Electronics,West,725.78,1,725.78
2026-06-23,Gaming Console,Gaming,South,383.23,5,1916.16
2026-02-16,External SSD,Audio,North,199.31,2,398.61
2026-03-24,External SSD,Gaming,East,161.72,2,323.43
2026-02-24,Gaming Console,Accessories,East,458.54,1,458.54
2026-01-15,Smart Watch,Audio,West,283.98,5,1419.88
2026-06-18,Tablet Air,Gaming,Central,516.51,2,1033.01
2026-06-23,Monitor Ultra,Electronics,West,309.76,1,309.76
2026-05-29,Gaming Console,Computers,Central,510.2,4,2040.78
2026-05-20,Tablet Air,Audio,South,584.05,1,584.05
2026-05-24,Wireless Earbuds,Gaming,South,148.39,1,148.39
2026-06-01,Wireless Earbuds,Gaming,North,143.33,4,573.33
2026-05-10,Laptop Pro,Computers,West,1086.95,5,5434.75
2026-02-22,Laptop Pro,Electronics,East,983.03,2,1966.06
2026-06-22,Gaming Console,Audio,East,382.79,5,1913.93
2026-04-02,Mouse Pro,Electronics,North,91.03,1,91.03
2026-03-31,Keyboard Mech,Audio,Central,132.61,4,530.44
2026-02-09,Smart Watch,Audio,Central,297.86,5,1489.29
2026-05-05,External SSD,Electronics,Central,222.85,2,445.7
2026-02-04,Mouse Pro,Accessories,North,94.55,2,189.1
2026-06-20,Keyboard Mech,Accessories,North,119.98,1,119.98
2026-02-14,Tablet Air,Audio,West,536.33,4,2145.32
2026-05-04,Gaming Console,Computers,South,495.31,4,1981.22
2026-07-05,Gaming Console,Audio,Central,484.25,5,2421.25
2026-02-26,Keyboard Mech,Gaming,West,109.66,2,219.32
2026-01-28,Smartphone X,Accessories,Central,731.8,2,1463.6
2026-03-18,Laptop Pro,Gaming,East,1009.58,4,4038.33
2026-06-11,Monitor Ultra,Accessories,South,320.41,1,320.41
2026-06-23,Smartphone X,Electronics,Central,781.24,1,781.24
2026-06-26,External SSD,Computers,South,228.8,5,1144.0
2026-04-05,Gaming Console,Audio,South,488.88,3,1466.65
2026-04-24,Keyboard Mech,Audio,East,135.53,3,406.6
2026-03-16,Laptop Pro,Accessories,South,1317.37,2,2634.73
2026-03-19,Smartphone X,Accessories,South,807.01,5,4035.06
2026-04-21,Gaming Console,Accessories,East,527.62,3,1582.87
2026-04-22,Smart Watch,Electronics,South,346.7,4,1386.78
2026-05-11,Smartphone X,Audio,South,645.28,2,1290.56
2026-03-30,Laptop Pro,Accessories,South,1110.1,5,5550.49
2026-02-11,Smart Watch,Gaming,South,328.15,1,328.15
2026-02-11,Mouse Pro,Audio,East,95.85,4,383.4
2026-07-12,Keyboard Mech,Accessories,West,125.94,5,629.7
2026-03-28,Gaming Console,Gaming,Central,475.22,3,1425.65
2026-01-17,External SSD,Accessories,North,188.13,1,188.13
2026-02-09,Smartphone X,Audio,South,919.84,2,1839.68
2026-02-06,Gaming Console,Accessories,East,437.88,3,1313.65
2026-03-11,Wireless Earbuds,Electronics,East,176.11,2,352.22
2026-04-29,External SSD,Audio,North,201.29,3,603.87
2026-02-26,Laptop Pro,Electronics,Central,1050.54,4,4202.17
2026-06-10,Laptop Pro,Electronics,West,1106.44,2,2212.87
2026-02-18,Smartphone X,Electronics,North,950.99,2,1901.97
2026-04-28,Gaming Console,Gaming,East,404.62,3,1213.86
2026-06-26,Monitor Ultra,Computers,West,410.52,1,410.52
2026-06-20,Smartphone X,Computers,North,693.07,5,3465.33
2026-05-24,Monitor Ultra,Computers,Central,310.62,3,931.86
2026-04-24,Laptop Pro,Electronics,North,1389.04,2,2778.08
2026-03-10,Mouse Pro,Accessories,North,81.66,4,326.63
2026-06-24,Wireless Earbuds,Electronics,South,165.51,4,662.03
2026-06-30,Tablet Air,Computers,Central,504.95,4,2019.78
2026-03-12,Gaming Console,Accessories,North,505.25,3,1515.76
2026-02-08,Keyboard Mech,Computers,West,119.16,5,595.8
2026-04-10,Smart Watch,Audio,East,307.33,1,307.33
2026-04-12,Mouse Pro,Electronics,East,68.65,5,343.23
2026-06-30,Laptop Pro,Electronics,South,1158.76,3,3476.29
2026-03-02,Wireless Earbuds,Computers,West,174.76,5,873.78
2026-01-14,Smart Watch,Gaming,East,241.77,3,725.3
2026-06-20,Keyboard Mech,Computers,East,114.23,2,228.46
2026-05-28,Monitor Ultra,Audio,Central,302.86,1,302.86
2026-03-18,Tablet Air,Gaming,North,572.18,5,2860.9
2026-05-21,Wireless Earbuds,Electronics,East,143.48,5,717.4
2026-05-11,Smart Watch,Computers,South,353.46,5,1767.3
2026-06-05,Laptop Pro,Accessories,South,1017.17,5,5085.83
2026-01-30,Mouse Pro,Electronics,South,64.7,2,129.4
2026-03-19,Mouse Pro,Computers,Central,76.43,2,152.86
2026-05-23,External SSD,Electronics,North,219.63,3,658.89
2026-03-26,Mouse Pro,Gaming,West,72.98,5,364.91
2026-04-24,Tablet Air,Audio,North,589.62,2,1179.24
2026-05-06,Mouse Pro,Computers,East,87.31,3,261.93
2026-03-07,Smart Watch,Accessories,East,357.56,2,715.13
2026-04-30,Keyboard Mech,Accessories,East,140.78,4,563.1
2026-01-20,Monitor Ultra,Accessories,North,365.51,4,1462.04
2026-04-25,Smartphone X,Electronics,Central,654.89,2,1309.79
2026-07-07,Gaming Console,Computers,South,421.07,3,1263.21
2026-07-10,Smart Watch,Electronics,South,260.12,2,520.23
2026-07-01,Mouse Pro,Audio,West,91.73,1,91.73
2026-03-26,Smart Watch,Accessories,East,298.52,1,298.52
2026-02-10,Keyboard Mech,Electronics,East,111.86,4,447.44
2026-02-26,External SSD,Gaming,East,216.35,5,1081.76
2026-06-21,Mouse Pro,Audio,South,83.49,4,333.97
2026-01-22,Smartphone X,Gaming,South,745.94,2,1491.87
2026-03-19,Monitor Ultra,Gaming,West,350.47,5,1752.34
2026-05-07,Smartphone X,Accessories,South,747.96,1,747.96
2026-03-14,Gaming Console,Accessories,South,456.67,2,913.34
2026-06-02,Keyboard Mech,Computers,South,138.61,4,554.42
2026-02-23,Laptop Pro,Audio,North,1312.62,3,3937.87
2026-07-09,Keyboard Mech,Accessories,West,142.49,4,569.94
2026-07-06,Gaming Console,Computers,East,401.33,3,1204.0
2026-01-19,Wireless Earbuds,Accessories,East,142.47,4,569.89
2026-06-09,Smart Watch,Accessories,East,256.09,1,256.09
2026-03-16,Smart Watch,Electronics,South,353.81,3,1061.43
2026-05-30,Mouse Pro,Accessories,West,75.5,5,377.49
2026-02-22,Smart Watch,Gaming,Central,291.12,5,1455.6
2026-04-26,Tablet Air,Gaming,South,531.26,5,2656.31
2026-03-15,External SSD,Gaming,East,207.43,5,1037.17
2026-01-24,External SSD,Audio,Central,210.03,1,210.03
2026-04-25,Gaming Console,Audio,East,413.76,5,2068.79
2026-07-04,Gaming Console,Electronics,East,523.71,1,523.71
2026-05-28,Keyboard Mech,Computers,North,125.56,1,125.56
2026-04-21,Mouse Pro,Electronics,East,64.07,5,320.36
2026-03-09,Mouse Pro,Audio,North,78.97,5,394.86
2026-02-22,External SSD,Computers,Central,191.58,4,766.32
2026-02-02,Gaming Console,Accessories,East,420.18,2,840.37
2026-05-08,Smart Watch,Gaming,West,289.06,5,1445.31
2026-06-09,Mouse Pro,Accessories,Central,72.18,1,72.18
2026-04-17,Mouse Pro,Electronics,East,69.1,1,69.1
2026-05-13,External SSD,Accessories,West,192.53,2,385.07
2026-06-01,External SSD,Gaming,Central,211.04,5,1055.21
2026-05-31,Gaming Console,Electronics,North,427.18,5,2135.92
2026-07-11,Wireless Earbuds,Gaming,South,135.16,1,135.16
2026-01-24,Gaming Console,Electronics,Central,535.25,1,535.25
2026-05-18,Smart Watch,Audio,West,344.03,2,688.07
2026-06-03,Wireless Earbuds,Computers,West,126.01,3,378.03
2026-07-04,Gaming Console,Gaming,West,495.66,3,1486.99
2026-05-14,Wireless Earbuds,Accessories,West,160.27,4,641.08
2026-05-31,Monitor Ultra,Computers,South,415.63,3,1246.9
2026-03-14,Smartphone X,Electronics,Central,788.94,3,2366.82
2026-05-17,External SSD,Audio,South,233.98,3,701.93
2026-02-10,External SSD,Electronics,Central,185.63,2,371.27
2026-04-11,Smartphone X,Audio,North,689.51,1,689.51
2026-07-09,Smart Watch,Electronics,South,256.09,3,768.28
2026-02-19,Laptop Pro,Electronics,West,1343.36,3,4030.09
2026-05-05,External SSD,Accessories,East,162.22,4,648.87
2026-05-25,Tablet Air,Gaming,Central,480.67,5,2403.33
2026-03-13,Monitor Ultra,Audio,West,383.09,1,383.09
2026-02-02,Mouse Pro,Accessories,Central,93.6,3,280.8
2026-05-15,Tablet Air,Electronics,Central,489.08,5,2445.38
2026-05-20,Mouse Pro,Accessories,East,81.68,3,245.03
2026-05-29,Laptop Pro,Accessories,South,1174.39,1,1174.39
2026-04-03,Keyboard Mech,Computers,Central,126.92,5,634.61
2026-06-16,Mouse Pro,Accessories,East,79.08,1,79.08
2026-03-30,Keyboard Mech,Audio,East,133.36,2,266.71
2026-06-16,Laptop Pro,Computers,West,1373.18,3,4119.53
2026-02-07,Mouse Pro,Computers,Central,73.58,4,294.3
2026-03-15,Keyboard Mech,Electronics,West,102.86,2,205.71
2026-05-24,Laptop Pro,Gaming,Central,1394.22,2,2788.44
2026-02-24,Keyboard Mech,Gaming,North,108.29,5,541.46
2026-01-25,External SSD,Electronics,North,219.93,1,219.93
2026-03-27,Mouse Pro,Computers,South,82.99,3,248.97
2026-04-13,Gaming Console,Gaming,South,493.82,4,1975.29
2026-06-19,Wireless Earbuds,Electronics,South,177.96,1,177.96
2026-02-11,Tablet Air,Accessories,West,564.05,5,2820.25
2026-02-21,Keyboard Mech,Audio,Central,129.3,5,646.52
2026-06-09,Keyboard Mech,Electronics,South,103.56,4,414.25
2026-05-24,Gaming Console,Audio,Central,401.01,5,2005.04
2026-04-10,Smart Watch,Audio,West,243.65,1,243.65
2026-06-28,Monitor Ultra,Audio,Central,414.24,5,2071.19
2026-05-28,Monitor Ultra,Audio,North,292.2,4,1168.79
2026-04-27,Smartphone X,Computers,South,824.24,2,1648.49
2026-06-07,Laptop Pro,Gaming,West,1038.53,1,1038.53
2026-01-27,Wireless Earbuds,Gaming,South,162.07,1,162.07
2026-07-11,Smartphone X,Audio,North,666.3,5,3331.51
2026-05-17,External SSD,Accessories,East,223.62,3,670.86
2026-02-15,Wireless Earbuds,Gaming,South,166.44,5,832.19
2026-02-09,Gaming Console,Audio,East,465.18,1,465.18
2026-04-18,External SSD,Accessories,East,165.32,3,495.96
2026-06-30,Gaming Console,Audio,Central,451.38,3,1354.15
2026-02-26,Smart Watch,Gaming,Central,356.85,1,356.85
2026-03-29,Tablet Air,Electronics,Central,498.0,4,1992.01
2026-06-01,Mouse Pro,Electronics,Central,71.66,4,286.64
2026-03-09,Monitor Ultra,Accessories,West,280.37,3,841.11
2026-01-16,Gaming Console,Accessories,East,397.61,3,1192.83
2026-05-01,Gaming Console,Accessories,West,505.82,3,1517.47
2026-06-26,Smart Watch,Accessories,South,262.98,2,525.97
2026-03-11,Smart Watch,Audio,East,341.18,5,1705.88
2026-02-18,Tablet Air,Electronics,East,456.55,2,913.1
2026-04-22,Mouse Pro,Electronics,North,86.44,5,432.21
2026-02-13,Monitor Ultra,Audio,West,338.16,4,1352.63
2026-01-29,Keyboard Mech,Accessories,Central,134.73,1,134.73
2026-02-22,Smart Watch,Audio,South,294.33,2,588.66
2026-04-09,External SSD,Gaming,East,223.1,5,1115.51
2026-02-25,Mouse Pro,Electronics,West,95.92,1,95.92
2026-02-28,Tablet Air,Computers,East,542.49,3,1627.47
2026-04-16,Laptop Pro,Accessories,East,966.08,4,3864.33
2026-04-05,Smartphone X,Audio,North,959.59,4,3838.34
2026-06-07,Wireless Earbuds,Accessories,Central,157.08,2,314.17
2026-02-18,Wireless Earbuds,Gaming,Central,158.02,2,316.03
2026-05-13,Monitor Ultra,Accessories,East,417.38,5,2086.92
2026-01-29,Smartphone X,Computers,South,940.32,2,1880.63
2026-03-02,Smart Watch,Accessories,South,324.89,4,1299.57
2026-03-14,Mouse Pro,Computers,West,65.73,5,328.65
2026-06-11,External SSD,Audio,East,201.48,5,1007.42
2026-04-02,Gaming Console,Accessories,West,523.92,1,523.92
2026-06-12,Gaming Console,Audio,North,463.74,4,1854.94
2026-07-12,Smartphone X,Computers,West,715.55,2,1431.1
2026-04-02,External SSD,Electronics,East,173.1,5,865.51
2026-05-08,Smart Watch,Computers,South,337.23,2,674.46
2026-05-14,Keyboard Mech,Gaming,South,112.39,1,112.39
2026-03-10,External SSD,Accessories,Central,182.65,5,913.23
2026-05-10,Wireless Earbuds,Computers,North,133.02,2,266.05
2026-05-30,Wireless Earbuds,Audio,West,137.53,1,137.53
2026-07-09,External SSD,Audio,North,187.06,5,935.28
2026-01-16,Wireless Earbuds,Audio,North,179.64,2,359.28
2026-05-17,Keyboard Mech,Gaming,East,139.69,4,558.77
2026-03-09,Smartphone X,Electronics,West,672.19,5,3360.95
2026-01-29,Mouse Pro,Electronics,East,73.9,4,295.62
2026-01-26,Tablet Air,Gaming,North,576.83,3,1730.49
2026-01-16,Tablet Air,Audio,South,545.93,4,2183.73
2026-03-19,Smartphone X,Audio,West,701.07,4,2804.29
2026-04-15,Gaming Console,Computers,North,530.6,5,2652.99
2026-03-19,Monitor Ultra,Accessories,North,348.29,5,1741.44
2026-05-03,Smart Watch,Computers,South,259.46,3,778.39
2026-06-20,Gaming Console,Electronics,Central,485.63,3,1456.9
2026-01-23,Smart Watch,Computers,North,349.56,2,699.11
2026-06-03,Monitor Ultra,Computers,Central,314.28,3,942.84
2026-03-17,External SSD,Gaming,East,200.87,4,803.49
2026-04-17,Wireless Earbuds,Accessories,West,164.39,2,328.78
2026-06-06,Monitor Ultra,Computers,East,341.55,4,1366.21
2026-01-27,Smartphone X,Electronics,East,873.71,1,873.71
2026-04-16,Monitor Ultra,Audio,West,335.36,5,1676.8
2026-07-04,Mouse Pro,Electronics,East,91.06,5,455.28
2026-05-20,External SSD,Computers,North,201.1,2,402.19
2026-06-20,Monitor Ultra,Electronics,West,324.8,1,324.8
2026-02-11,Gaming Console,Electronics,North,377.36,3,1132.08
2026-02-17,Mouse Pro,Audio,West,64.27,5,321.35
2026-07-03,Gaming Console,Audio,Central,400.99,3,1202.98
2026-05-27,Smart Watch,Electronics,North,328.97,5,1644.87
2026-06-06,Wireless Earbuds,Accessories,South,120.74,2,241.49
2026-06-27,Tablet Air,Gaming,East,597.83,5,2989.13
2026-04-20,Gaming Console,Computers,South,426.99,1,426.99
2026-01-24,Smartphone X,Computers,East,773.07,5,3865.34
2026-04-17,Laptop Pro,Electronics,South,1361.47,3,4084.4
2026-07-01,Mouse Pro,Audio,West,80.52,5,402.62
2026-01-17,Smartphone X,Electronics,Central,680.08,3,2040.24
2026-02-17,External SSD,Accessories,West,212.02,5,1060.08
2026-04-14,Monitor Ultra,Audio,West,301.84,3,905.52
2026-02-20,External SSD,Audio,South,185.55,1,185.55
2026-05-25,Smart Watch,Gaming,North,339.07,1,339.07
2026-04-28,Monitor Ultra,Audio,Central,326.6,1,326.6
2026-07-09,Smart Watch,Electronics,East,258.46,5,1292.29
2026-01-21,Keyboard Mech,Electronics,West,126.58,4,506.33
2026-05-28,Mouse Pro,Gaming,Central,84.11,5,420.56
2026-04-19,Tablet Air,Computers,South,490.49,1,490.49
2026-05-25,Keyboard Mech,Electronics,North,130.98,4,523.93
2026-04-29,Tablet Air,Electronics,East,544.07,3,1632.22
2026-03-16,Keyboard Mech,Electronics,East,133.05,3,399.15
2026-04-21,External SSD,Gaming,South,203.41,5,1017.06
2026-04-15,Tablet Air,Audio,Central,428.9,1,428.9
2026-06-25,Smartphone X,Electronics,West,892.37,4,3569.49
2026-03-10,Wireless Earbuds,Gaming,East,153.26,4,613.03
2026-05-25,Gaming Console,Accessories,East,399.99,3,1199.96
2026-01-23,Keyboard Mech,Computers,North,139.39,5,696.94
2026-03-14,Smart Watch,Accessories,Central,240.78,1,240.78
2026-02-12,Monitor Ultra,Gaming,East,372.07,3,1116.21
2026-04-23,Mouse Pro,Accessories,South,70.71,2,141.42
2026-05-03,Laptop Pro,Accessories,East,1022.78,5,5113.92
2026-01-26,Wireless Earbuds,Audio,Central,123.64,5,618.19
2026-04-14,Laptop Pro,Electronics,North,983.58,3,2950.74
2026-03-01,Gaming Console,Computers,East,476.8,2,953.61
2026-02-22,Smartphone X,Computers,North,875.39,5,4376.97
2026-04-28,Mouse Pro,Computers,East,68.6,1,68.6
2026-06-23,Wireless Earbuds,Computers,East,178.32,3,534.96
2026-04-13,Smartphone X,Accessories,North,842.29,5,4211.46
2026-04-07,Laptop Pro,Gaming,East,1007.54,3,3022.63
2026-06-19,Monitor Ultra,Electronics,East,391.53,1,391.53
2026-02-22,Smart Watch,Audio,East,280.94,3,842.82
2026-06-29,Wireless Earbuds,Computers,West,156.91,1,156.91
2026-02-12,Monitor Ultra,Gaming,West,367.07,2,734.13
2026-06-15,Smart Watch,Gaming,South,249.81,3,749.42
2026-05-31,Smartphone X,Gaming,North,745.43,4,2981.7
2026-02-01,Wireless Earbuds,Audio,North,152.8,2,305.6
2026-06-05,External SSD,Electronics,East,219.93,2,439.85
2026-05-12,Laptop Pro,Electronics,North,1032.45,5,5162.26
2026-05-04,Wireless Earbuds,Audio,Central,175.43,3,526.3
2026-01-22,Monitor Ultra,Gaming,South,298.66,1,298.66
2026-01-21,Keyboard Mech,Electronics,West,106.12,3,318.37
2026-05-26,Tablet Air,Accessories,South,529.39,1,529.39
2026-02-28,Wireless Earbuds,Computers,West,171.33,5,856.67
2026-03-02,Smart Watch,Gaming,East,338.98,4,1355.93
2026-03-12,Tablet Air,Electronics,East,443.01,3,1329.04
2026-02-21,Mouse Pro,Audio,East,88.95,5,444.77
2026-07-08,Tablet Air,Audio,North,589.1,2,1178.2
2026-06-15,Smartphone X,Computers,West,670.95,2,1341.89
2026-04-14,Wireless Earbuds,Accessories,South,158.74,5,793.7
2026-01-18,Tablet Air,Gaming,West,462.28,4,1849.13
2026-01-24,Smart Watch,Electronics,North,350.12,5,1750.6
2026-03-27,Laptop Pro,Audio,Central,1217.71,5,6088.54
2026-01-14,Keyboard Mech,Electronics,West,131.48,1,131.48
2026-04-01,External SSD,Computers,South,185.68,2,371.36
2026-01-17,External SSD,Gaming,East,164.27,1,164.27
2026-03-25,Monitor Ultra,Computers,East,283.02,5,1415.08
2026-06-24,Smartphone X,Computers,South,848.57,4,3394.28
2026-02-20,Monitor Ultra,Computers,South,345.72,4,1382.87
2026-05-25,Tablet Air,Electronics,East,419.31,1,419.31
2026-05-23,Smartphone X,Electronics,North,731.72,4,2926.89
2026-02-11,Mouse Pro,Gaming,South,95.5,2,190.99
2026-06-11,Smartphone X,Accessories,West,754.78,1,754.78
2026-06-07,Tablet Air,Computers,North,486.84,5,2434.22
2026-03-29,Smart Watch,Audio,South,322.18,2,644.36
2026-07-09,Keyboard Mech,Electronics,West,136.85,1,136.85
2026-02-09,Mouse Pro,Gaming,South,92.71,3,278.13
2026-02-02,Gaming Console,Computers,South,526.55,2,1053.11
2026-03-27,Gaming Console,Accessories,East,427.42,1,427.42
2026-02-01,Monitor Ultra,Computers,East,405.63,3,1216.89
2026-01-26,Smart Watch,Computers,East,246.79,2,493.59
2026-03-09,Laptop Pro,Gaming,West,1201.62,1,1201.62
2026-04-28,Mouse Pro,Accessories,East,86.08,1,86.08
2026-03-04,Smartphone X,Audio,North,784.03,5,3920.17
2026-07-02,Monitor Ultra,Accessories,East,406.91,1,406.91
2026-02-06,Gaming Console,Accessories,North,480.53,5,2402.66
2026-03-25,Gaming Console,Accessories,East,450.48,2,900.95
2026-02-03,Laptop Pro,Accessories,North,1034.97,4,4139.88
2026-01-30,Wireless Earbuds,Audio,North,154.54,3,463.63
2026-05-09,Mouse Pro,Audio,North,93.71,1,93.71
2026-04-16,Smartphone X,Gaming,South,875.45,5,4377.26
2026-01-18,Mouse Pro,Electronics,Central,95.35,4,381.4
2026-02-22,Laptop Pro,Electronics,South,1237.92,4,4951.69
2026-05-01,Wireless Earbuds,Gaming,Central,129.4,1,129.4
2026-04-21,Smartphone X,Computers,South,706.67,4,2826.68
2026-06-06,Keyboard Mech,Electronics,East,108.62,1,108.62
2026-01-28,Wireless Earbuds,Accessories,North,173.43,4,693.73
2026-04-01,Tablet Air,Accessories,East,562.17,5,2810.85
2026-06-05,Laptop Pro,Accessories,West,1036.85,5,5184.25
2026-05-01,Smart Watch,Electronics,East,258.62,3,775.87
2026-03-01,Gaming Console,Electronics,South,398.37,2,796.73
2026-03-06,Smart Watch,Gaming,East,241.74,4,966.97
2026-06-09,Gaming Console,Gaming,East,512.83,5,2564.15
2026-06-06,Monitor Ultra,Audio,West,343.86,2,687.72
2026-05-30,Mouse Pro,Electronics,West,66.75,3,200.26
2026-06-18,Gaming Console,Computers,Central,434.04,2,868.07
2026-05-14,Tablet Air,Accessories,West,433.38,1,433.38
2026-03-06,Monitor Ultra,Computers,West,372.2,3,1116.59
2026-06-03,Monitor Ultra,Gaming,Central,338.72,1,338.72
2026-04-17,Laptop Pro,Electronics,Central,1378.24,1,1378.24
2026-05-07,Smart Watch,Accessories,Central,343.98,1,343.98
2026-03-31,Laptop Pro,Audio,North,1386.14,3,4158.41
2026-07-02,Mouse Pro,Audio,East,80.49,5,402.47
2026-03-25,Keyboard Mech,Electronics,East,132.83,4,531.34
2026-06-11,Laptop Pro,Audio,Central,1236.12,3,3708.35
2026-03-30,External SSD,Gaming,Central,234.07,5,1170.35
2026-05-10,Tablet Air,Gaming,South,568.58,5,2842.89
2026-07-06,Smart Watch,Accessories,North,270.72,3,812.16
2026-01-26,Smartphone X,Gaming,South,677.08,5,3385.38
2026-03-22,Smartphone X,Computers,Central,647.91,2,1295.82
2026-01-26,Mouse Pro,Gaming,North,90.43,4,361.73
2026-05-31,Laptop Pro,Electronics,West,1438.58,2,2877.16
2026-02-24,Mouse Pro,Electronics,Central,92.74,5,463.68
2026-04-09,Monitor Ultra,Computers,Central,372.94,5,1864.71
2026-03-17,External SSD,Electronics,East,194.43,5,972.17
2026-01-23,Laptop Pro,Computers,East,1115.15,5,5575.73
2026-06-21,Keyboard Mech,Computers,Central,112.87,1,112.87
2026-01-15,Keyboard Mech,Gaming,West,110.45,5,552.26
2026-03-20,Tablet Air,Gaming,North,546.33,1,546.33
2026-03-02,Wireless Earbuds,Audio,Central,179.73,3,539.19
2026-05-11,Laptop Pro,Gaming,Central,1069.33,2,2138.67
2026-05-14,Tablet Air,Computers,South,579.82,2,1159.65
2026-05-08,Keyboard Mech,Computers,West,102.6,3,307.8
2026-01-27,External SSD,Computers,East,228.97,3,686.9
2026-04-25,Laptop Pro,Audio,South,1167.07,2,2334.13
2026-04-20,Smartphone X,Computers,East,776.82,1,776.82
2026-03-09,Smartphone X,Electronics,West,758.43,4,3033.71
2026-01-14,Smart Watch,Electronics,North,316.84,5,1584.22
2026-06-15,Gaming Console,Electronics,South,368.23,5,1841.16
2026-07-07,Mouse Pro,Electronics,East,82.7,3,248.11
2026-03-17,Laptop Pro,Computers,Central,988.25,1,988.25
2026-05-11,Keyboard Mech,Gaming,South,129.02,3,387.05
2026-06-04,Laptop Pro,Accessories,East,1095.01,3,3285.04
2026-02-09,Smartphone X,Computers,West,954.33,5,4771.66
2026-01-23,Smart Watch,Accessories,East,292.2,2,584.39
2026-03-24,Mouse Pro,Electronics,Central,64.52,5,322.6
2026-04-18,Wireless Earbuds,Electronics,East,169.59,3,508.78
2026-07-03,Gaming Console,Computers,East,390.12,2,780.24
2026-07-12,Smart Watch,Accessories,North,288.64,2,577.28
2026-03-25,Smart Watch,Computers,North,260.36,5,1301.8
2026-06-17,Monitor Ultra,Computers,East,385.81,2,771.61
2026-05-30,External SSD,Audio,South,222.39,5,1111.95
2026-06-03,Smart Watch,Gaming,Central,333.23,3,999.68
2026-03-27,Laptop Pro,Accessories,East,1289.02,3,3867.05
2026-04-21,Tablet Air,Accessories,West,546.82,2,1093.64
2026-04-26,Laptop Pro,Accessories,South,1382.91,2,2765.81
2026-04-02,Keyboard Mech,Audio,Central,100.56,3,301.67
2026-05-24,Mouse Pro,Electronics,East,91.11,4,364.45
2026-03-31,Mouse Pro,Accessories,West,72.79,2,145.58
2026-03-04,Gaming Console,Electronics,East,485.06,2,970.12
2026-04-06,Keyboard Mech,Electronics,West,127.74,2,255.48
2026-02-16,Smart Watch,Audio,North,245.23,5,1226.17
2026-05-22,Monitor Ultra,Electronics,West,381.86,2,763.71
2026-02-26,Monitor Ultra,Computers,South,415.37,1,415.37
2026-06-16,Smart Watch,Computers,North,256.09,2,512.18
2026-05-15,Tablet Air,Accessories,East,553.64,1,553.64
2026-01-22,Monitor Ultra,Gaming,South,333.32,2,666.64
2026-04-22,Smart Watch,Computers,North,338.84,3,1016.52
2026-04-11,Smart Watch,Electronics,Central,242.15,1,242.15
2026-05-03,Wireless Earbuds,Electronics,South,152.43,1,152.43
2026-05-14,Wireless Earbuds,Accessories,West,172.5,4,690.02
2026-04-22,Smartphone X,Computers,East,934.22,1,934.22
2026-02-03,Smart Watch,Computers,North,320.84,3,962.52
2026-03-10,Smart Watch,Audio,North,277.73,5,1388.67
2026-05-28,Wireless Earbuds,Audio,North,125.1,2,250.2
2026-05-08,Smartphone X,Accessories,North,727.99,1,727.99
2026-06-11,Smart Watch,Gaming,West,332.43,1,332.43
2026-06-11,Monitor Ultra,Computers,West,390.19,5,1950.97
2026-04-12,Smartphone X,Computers,North,934.61,1,934.61
2026-04-10,Gaming Console,Gaming,South,460.87,2,921.74
2026-01-15,Smartphone X,Electronics,North,958.91,3,2876.73
2026-03-01,Gaming Console,Computers,East,411.24,4,1644.97
2026-04-18,Laptop Pro,Computers,East,1406.7,1,1406.7
2026-07-06,Laptop Pro,Accessories,North,1200.06,3,3600.17
2026-06-02,Gaming Console,Computers,Central,413.05,4,1652.2
2026-02-23,Laptop Pro,Audio,Central,1097.48,3,3292.44
2026-03-22,External SSD,Audio,North,209.75,4,839.01
2026-03-28,Laptop Pro,Accessories,West,1087.21,2,2174.42
2026-05-08,Gaming Console,Audio,East,366.92,3,1100.75
2026-06-22,Monitor Ultra,Audio,South,404.81,4,1619.26
2026-03-31,External SSD,Audio,Central,224.93,5,1124.65
2026-02-12,Gaming Console,Electronics,East,534.82,4,2139.27
2026-05-19,Monitor Ultra,Computers,North,352.84,4,1411.37
2026-07-02,Keyboard Mech,Electronics,Central,128.21,5,641.07
2026-03-12,Mouse Pro,Computers,West,72.36,5,361.79
2026-05-13,Wireless Earbuds,Computers,East,129.25,5,646.24
2026-03-24,Laptop Pro,Electronics,East,1180.97,5,5904.84
2026-04-25,Wireless Earbuds,Gaming,South,137.22,2,274.44
2026-03-12,Monitor Ultra,Audio,North,327.72,3,983.15
2026-03-01,External SSD,Electronics,East,226.29,5,1131.46
2026-03-27,Mouse Pro,Accessories,Central,69.77,5,348.84
2026-03-07,Laptop Pro,Accessories,South,1124.19,3,3372.57
2026-07-04,Tablet Air,Audio,West,588.46,1,588.46
2026-04-08,Tablet Air,Electronics,North,501.05,3,1503.15
2026-05-22,Tablet Air,Accessories,East,423.79,2,847.57
2026-03-19,Keyboard Mech,Computers,North,110.28,4,441.12
2026-02-16,Mouse Pro,Gaming,East,84.86,3,254.59
2026-05-08,Gaming Console,Computers,South,537.31,4,2149.24
2026-04-01,Smartphone X,Electronics,South,680.78,1,680.78
2026-02-08,Monitor Ultra,Gaming,West,397.26,4,1589.05
2026-06-30,Tablet Air,Electronics,Central,576.33,3,1728.99
2026-03-25,External SSD,Computers,East,162.01,4,648.02
2026-06-18,Mouse Pro,Electronics,Central,94.23,1,94.23
2026-03-06,Smartphone X,Accessories,Central,799.94,4,3199.77
2026-07-10,Mouse Pro,Gaming,North,70.29,3,210.86
2026-03-28,Smart Watch,Gaming,South,358.05,1,358.05
2026-04-17,External SSD,Computers,Central,200.95,2,401.89
2026-03-03,Laptop Pro,Accessories,South,1106.7,4,4426.8
2026-04-16,Smartphone X,Gaming,North,937.56,2,1875.11
2026-05-27,External SSD,Electronics,East,187.15,3,561.45
2026-07-09,Tablet Air,Accessories,South,513.0,5,2564.99
2026-02-17,Smart Watch,Computers,West,247.86,3,743.58
2026-03-01,Tablet Air,Gaming,South,500.15,5,2500.74
2026-06-28,Smartphone X,Accessories,West,912.83,1,912.83
2026-05-04,Smartphone X,Gaming,East,891.34,3,2674.01
2026-01-22,Wireless Earbuds,Audio,South,129.11,2,258.22
2026-06-09,Gaming Console,Electronics,West,427.68,1,427.68
2026-03-01,Laptop Pro,Accessories,South,1299.33,4,5197.32
2026-05-09,Mouse Pro,Electronics,West,66.04,4,264.18
2026-05-09,Monitor Ultra,Computers,East,411.0,5,2055.01
2026-07-08,Monitor Ultra,Accessories,West,410.32,4,1641.27
2026-01-28,Laptop Pro,Gaming,North,978.06,2,1956.12
2026-05-26,Tablet Air,Computers,South,445.02,2,890.05
2026-03-30,Keyboard Mech,Computers,North,128.77,2,257.55
2026-03-26,Smartphone X,Accessories,West,665.01,4,2660.04
2026-02-10,Smartphone X,Audio,East,739.04,4,2956.14
2026-05-27,Tablet Air,Computers,West,569.86,5,2849.32
2026-05-26,Smartphone X,Audio,Central,920.54,5,4602.7
2026-04-08,Mouse Pro,Gaming,Central,91.03,5,455.17
2026-02-17,Wireless Earbuds,Accessories,North,140.57,2,281.14
2026-01-21,Keyboard Mech,Gaming,West,141.22,5,706.09
2026-06-16,Gaming Console,Audio,South,403.62,2,807.24
2026-04-09,Mouse Pro,Computers,Central,92.97,4,371.9
2026-07-07,External SSD,Computers,Central,187.57,5,937.85
2026-06-26,Gaming Console,Accessories,South,376.87,5,1884.36
2026-03-21,Laptop Pro,Accessories,West,1113.65,4,4454.6
2026-03-15,Mouse Pro,Electronics,South,95.81,5,479.06
2026-06-25,External SSD,Electronics,East,209.5,2,418.99
2026-04-26,Gaming Console,Gaming,Central,507.08,3,1521.25
2026-04-24,Mouse Pro,Computers,East,94.51,1,94.51
2026-02-09,Smartphone X,Audio,South,669.03,2,1338.06
2026-03-26,Gaming Console,Computers,North,466.6,5,2333.01
2026-05-12,Mouse Pro,Audio,West,69.38,4,277.51
2026-02-13,Laptop Pro,Computers,East,1044.97,4,4179.88
2026-03-10,Smart Watch,Computers,Central,302.88,5,1514.39
2026-05-31,Mouse Pro,Gaming,North,86.01,4,344.04
2026-06-11,Wireless Earbuds,Audio,North,142.01,4,568.03
2026-05-18,Keyboard Mech,Electronics,Central,118.78,3,356.34
2026-03-04,External SSD,Electronics,South,162.32,2,324.64
2026-06-21,Mouse Pro,Electronics,South,77.79,2,155.57
2026-03-09,Smart Watch,Accessories,South,242.32,3,726.95
2026-02-17,Monitor Ultra,Computers,South,302.84,2,605.67
2026-02-22,Wireless Earbuds,Electronics,East,176.17,3,528.5
2026-01-26,Gaming Console,Electronics,Central,368.18,3,1104.53
2026-04-08,Mouse Pro,Electronics,East,67.07,5,335.33
2026-03-23,Laptop Pro,Accessories,North,1340.83,5,6704.13
2026-03-24,Laptop Pro,Gaming,North,1026.43,2,2052.86
2026-03-23,Smart Watch,Gaming,North,336.53,1,336.53
2026-05-16,Laptop Pro,Computers,South,1024.77,4,4099.07
2026-03-17,Smart Watch,Audio,North,256.28,5,1281.41
2026-04-02,Keyboard Mech,Computers,South,139.88,3,419.64
2026-05-26,Tablet Air,Audio,East,553.16,3,1659.49
2026-06-29,Gaming Console,Accessories,North,485.43,1,485.43
2026-01-21,Smartphone X,Electronics,West,957.81,3,2873.43
2026-02-27,Wireless Earbuds,Audio,North,163.34,5,816.71
2026-06-23,Smartphone X,Accessories,Central,821.43,4,3285.7
2026-04-07,Smart Watch,Audio,West,321.02,4,1284.07
2026-03-06,Mouse Pro,Computers,Central,88.78,1,88.78
2026-02-16,Tablet Air,Electronics,West,439.03,4,1756.13
2026-05-01,Mouse Pro,Audio,Central,66.51,4,266.04
2026-03-07,Smartphone X,Computers,Central,757.88,3,2273.64
2026-03-10,Mouse Pro,Accessories,East,71.73,3,215.19
2026-02-13,Keyboard Mech,Audio,South,138.84,4,555.35
2026-05-12,Keyboard Mech,Electronics,South,110.17,3,330.5
2026-05-29,External SSD,Gaming,East,221.95,2,443.9
2026-05-01,Gaming Console,Computers,East,480.13,4,1920.54
2026-01-27,Smart Watch,Electronics,West,297.3,1,297.3
2026-03-29,Mouse Pro,Accessories,Central,72.29,3,216.87
2026-04-22,External SSD,Electronics,North,213.24,3,639.72
2026-04-15,Mouse Pro,Gaming,East,95.04,2,190.08
2026-03-25,Tablet Air,Electronics,Central,417.3,3,1251.91
2026-02-23,Gaming Console,Computers,West,408.51,2,817.01
2026-03-30,Wireless Earbuds,Computers,Central,124.5,1,124.5
2026-07-06,External SSD,Audio,Central,223.43,1,223.43
2026-02-08,External SSD,Gaming,Central,180.55,5,902.73
2026-02-28,Mouse Pro,Electronics,South,82.69,4,330.78
2026-04-10,Tablet Air,Audio,North,589.61,1,589.61
2026-05-21,Smart Watch,Computers,West,350.81,4,1403.25
2026-03-25,Smart Watch,Computers,West,350.45,3,1051.35
2026-05-01,Smart Watch,Gaming,South,322.62,2,645.24
2026-06-18,Monitor Ultra,Gaming,North,334.21,3,1002.62
2026-05-21,Tablet Air,Accessories,North,530.36,5,2651.79
2026-05-15,Smartphone X,Accessories,East,874.12,4,3496.48
2026-06-04,External SSD,Gaming,Central,231.44,4,925.77
2026-02-01,Smartphone X,Electronics,West,665.07,3,1995.22
2026-04-16,Mouse Pro,Electronics,West,76.5,2,153.0
2026-03-24,Keyboard Mech,Electronics,South,139.93,3,419.79
2026-04-23,Gaming Console,Accessories,West,465.75,1,465.75
2026-06-24,Gaming Console,Gaming,North,411.07,5,2055.36
2026-04-20,Mouse Pro,Accessories,South,92.1,3,276.31
2026-03-16,Smartphone X,Electronics,North,782.21,5,3911.05
2026-04-30,Keyboard Mech,Electronics,West,123.45,1,123.45
2026-05-14,Wireless Earbuds,Accessories,West,139.34,2,278.67
2026-01-22,External SSD,Audio,North,203.2,2,406.4
2026-03-19,Smartphone X,Audio,North,958.47,2,1916.95
2026-03-16,Keyboard Mech,Audio,East,131.7,3,395.11
2026-07-09,Keyboard Mech,Electronics,West,127.24,3,381.73
2026-03-07,Wireless Earbuds,Accessories,North,140.74,1,140.74
2026-02-16,Smartphone X,Gaming,West,852.46,2,1704.91
2026-06-22,Gaming Console,Computers,East,497.76,4,1991.04
2026-04-18,Gaming Console,Electronics,North,395.3,3,1185.9
2026-03-22,Smart Watch,Electronics,Central,259.06,3,777.17
2026-02-07,Laptop Pro,Gaming,North,1426.67,3,4280.02
2026-05-15,Tablet Air,Gaming,Central,592.97,2,1185.94
2026-06-28,Mouse Pro,Gaming,East,78.94,1,78.94
2026-02-12,Keyboard Mech,Accessories,West,139.41,5,697.07
2026-06-07,Smart Watch,Electronics,West,329.96,1,329.96
2026-04-22,Smartphone X,Gaming,West,958.37,2,1916.75
2026-05-28,Gaming Console,Electronics,West,370.25,4,1481.01
2026-07-06,Smart Watch,Gaming,Central,258.89,2,517.79
2026-03-01,Gaming Console,Electronics,West,366.33,3,1098.99
2026-01-14,External SSD,Gaming,North,203.73,3,611.2
2026-03-12,Keyboard Mech,Gaming,South,104.48,2,208.96
2026-07-03,Monitor Ultra,Computers,South,343.28,4,1373.11
2026-02-07,Laptop Pro,Accessories,West,1351.64,4,5406.55
2026-03-19,Wireless Earbuds,Accessories,West,137.21,5,686.07
2026-01-22,Monitor Ultra,Electronics,North,378.9,2,757.8
2026-02-16,Smartphone X,Computers,Central,864.93,1,864.93
2026-04-26,Smart Watch,Electronics,South,268.46,5,1342.31
2026-04-14,Wireless Earbuds,Accessories,West,152.77,4,611.06
2026-02-03,Mouse Pro,Audio,Central,78.0,2,155.99
2026-05-05,Tablet Air,Computers,South,588.17,1,588.17
2026-02-19,Keyboard Mech,Gaming,West,139.98,2,279.95
2026-05-14,Keyboard Mech,Electronics,West,110.53,5,552.64
2026-05-18,Monitor Ultra,Gaming,Central,353.71,4,1414.86
2026-02-28,Gaming Console,Computers,East,498.17,5,2490.84
2026-03-15,Smart Watch,Gaming,North,281.06,1,281.06
2026-06-02,Tablet Air,Gaming,Central,549.86,2,1099.72
2026-06-11,Smart Watch,Electronics,Central,305.88,1,305.88
2026-03-25,Wireless Earbuds,Electronics,East,129.05,2,258.11
2026-02-04,Tablet Air,Audio,West,574.5,5,2872.5
2026-06-02,Tablet Air,Audio,Central,451.98,1,451.98
2026-02-18,Tablet Air,Audio,South,430.07,2,860.13
2026-06-15,Smart Watch,Electronics,West,343.68,5,1718.41
2026-05-10,Laptop Pro,Accessories,East,1403.66,5,7018.3
2026-02-17,Wireless Earbuds,Electronics,North,176.74,5,883.72
2026-07-05,Gaming Console,Electronics,East,475.59,5,2377.94
2026-02-14,Mouse Pro,Audio,South,73.84,4,295.35
2026-02-18,Wireless Earbuds,Audio,South,161.63,2,323.25
2026-05-24,Monitor Ultra,Computers,West,337.41,3,1012.24
2026-04-27,Laptop Pro,Computers,West,1402.96,2,2805.92
2026-07-03,Laptop Pro,Accessories,North,1001.38,1,1001.38
2026-06-04,External SSD,Audio,North,167.51,1,167.51
2026-06-05,Smartphone X,Computers,West,958.9,2,1917.79
2026-05-08,Keyboard Mech,Gaming,West,143.04,5,715.18
2026-03-11,Keyboard Mech,Computers,South,103.69,4,414.76
2026-04-17,Gaming Console,Accessories,Central,463.82,5,2319.1
2026-06-04,Wireless Earbuds,Computers,South,133.13,2,266.25
2026-01-22,Smartphone X,Gaming,North,772.85,5,3864.24
2026-02-14,Smart Watch,Gaming,East,342.02,5,1710.08
2026-02-20,External SSD,Gaming,South,220.2,2,440.39
2026-03-18,Laptop Pro,Audio,East,1070.81,4,4283.24
2026-06-24,Tablet Air,Accessories,North,468.39,1,468.39
2026-03-07,Mouse Pro,Gaming,Central,71.33,2,142.66
2026-05-28,Tablet Air,Accessories,North,534.96,3,1604.87
2026-01-29,External SSD,Accessories,North,217.61,4,870.43
2026-02-15,Wireless Earbuds,Accessories,West,158.38,5,791.88
2026-05-16,Keyboard Mech,Electronics,Central,142.38,1,142.38
2026-06-19,Smart Watch,Accessories,North,306.74,4,1226.96
2026-02-20,Wireless Earbuds,Accessories,North,130.27,1,130.27
2026-06-15,Monitor Ultra,Computers,Central,366.63,4,1466.53
2026-02-03,Gaming Console,Gaming,Central,463.86,3,1391.58
2026-06-28,Wireless Earbuds,Gaming,Central,127.66,3,382.98
2026-06-15,Smart Watch,Audio,North,268.28,3,804.85
2026-06-09,Smartphone X,Computers,East,832.56,1,832.56
2026-02-21,Keyboard Mech,Accessories,East,136.5,2,273.0
2026-03-11,Tablet Air,Audio,North,553.58,4,2214.31
2026-01-22,Tablet Air,Audio,North,465.33,3,1395.98
2026-02-05,Monitor Ultra,Electronics,West,293.52,4,1174.1
2026-03-05,External SSD,Electronics,Central,162.79,4,651.15
2026-02-26,Tablet Air,Accessories,Central,400.43,3,1201.29
2026-05-23,Tablet Air,Computers,West,441.74,2,883.48
2026-04-23,External SSD,Electronics,East,206.23,4,824.91
2026-02-15,Laptop Pro,Accessories,Central,1276.63,1,1276.63
2026-05-28,Tablet Air,Computers,South,453.27,5,2266.36
2026-02-24,Wireless Earbuds,Accessories,South,154.54,1,154.54
2026-04-22,Keyboard Mech,Accessories,East,118.11,5,590.53
2026-03-15,Laptop Pro,Accessories,North,1137.2,3,3411.61
2026-02-03,Smartphone X,Gaming,North,829.27,4,3317.08
2026-05-05,Gaming Console,Gaming,East,450.52,5,2252.58
2026-03-05,Tablet Air,Gaming,West,426.39,4,1705.58
2026-04-10,Tablet Air,Electronics,South,474.74,2,949.49
2026-04-25,Mouse Pro,Gaming,Central,79.5,2,158.99
2026-06-29,Keyboard Mech,Gaming,Central,143.66,4,574.62
2026-04-30,Tablet Air,Computers,South,450.45,3,1351.35
2026-06-21,Keyboard Mech,Computers,North,105.32,2,210.64
2026-05-08,Gaming Console,Gaming,West,498.16,2,996.31
2026-03-03,Tablet Air,Computers,North,437.06,3,1311.19
2026-01-14,Laptop Pro,Computers,Central,1042.74,1,1042.74
2026-05-04,Smart Watch,Gaming,North,315.89,4,1263.57
2026-06-28,Keyboard Mech,Electronics,Central,122.64,3,367.93
2026-05-01,Monitor Ultra,Gaming,West,358.96,3,1076.88
2026-02-06,Smartphone X,Audio,West,840.13,5,4200.64
2026-05-13,Wireless Earbuds,Electronics,West,170.72,4,682.87
2026-04-08,Keyboard Mech,Computers,Central,124.89,5,624.45
2026-04-01,Tablet Air,Electronics,South,412.06,3,1236.18
2026-02-17,Laptop Pro,Gaming,Central,1317.95,4,5271.79
2026-03-13,Smartphone X,Electronics,South,921.51,1,921.51
2026-05-07,Mouse Pro,Accessories,East,92.1,1,92.1
2026-03-23,Gaming Console,Accessories,West,425.5,5,2127.5
2026-01-24,Wireless Earbuds,Computers,West,163.26,5,816.32
2026-01-28,Tablet Air,Gaming,South,531.92,2,1063.84
2026-06-23,Gaming Console,Accessories,North,420.01,4,1680.04
2026-01-20,Wireless Earbuds,Accessories,North,166.69,4,666.77
2026-01-23,Smartphone X,Audio,Central,802.77,2,1605.54
2026-04-18,Gaming Console,Computers,East,369.33,3,1107.98
2026-02-16,External SSD,Accessories,West,177.19,1,177.19
2026-05-21,Monitor Ultra,Computers,North,292.3,2,584.6
2026-03-01,Smartphone X,Audio,South,866.04,4,3464.17
2026-01-31,Gaming Console,Computers,North,472.58,2,945.16
2026-05-09,Tablet Air,Gaming,West,440.63,4,1762.52
2026-02-11,Wireless Earbuds,Accessories,West,176.63,4,706.53
2026-03-13,Keyboard Mech,Computers,Central,111.65,1,111.65
2026-02-14,Smart Watch,Computers,West,353.16,4,1412.64
2026-01-18,External SSD,Electronics,East,224.06,4,896.24
2026-02-18,Smartphone X,Electronics,West,736.47,2,1472.94
2026-01-28,Gaming Console,Accessories,South,412.56,4,1650.26
2026-04-20,Tablet Air,Gaming,West,590.43,2,1180.85
2026-04-25,Monitor Ultra,Accessories,North,299.71,3,899.14
2026-02-25,Monitor Ultra,Computers,West,363.97,1,363.97
2026-07-10,Tablet Air,Audio,Central,541.74,5,2708.72
2026-02-02,Monitor Ultra,Audio,South,309.48,3,928.45
2026-06-19,Smart Watch,Audio,East,336.32,3,1008.95
2026-01-14,Smartphone X,Audio,East,761.73,3,2285.19
2026-05-31,Smartphone X,Computers,East,838.34,1,838.34
2026-07-04,Laptop Pro,Audio,West,1052.66,3,3157.99
2026-06-21,Smartphone X,Computers,West,934.68,5,4673.42
2026-03-31,Gaming Console,Audio,Central,485.56,5,2427.8
2026-03-05,Tablet Air,Computers,East,523.44,3,1570.31
2026-02-06,Wireless Earbuds,Accessories,South,149.45,2,298.91
2026-02-19,Monitor Ultra,Electronics,East,347.68,3,1043.03
2026-02-26,Mouse Pro,Computers,East,89.52,2,179.04
2026-03-27,Laptop Pro,Computers,West,1172.07,4,4688.26
2026-03-18,Gaming Console,Gaming,East,508.55,3,1525.66
2026-02-28,Smartphone X,Audio,West,867.3,2,1734.61
2026-04-08,External SSD,Computers,Central,182.44,4,729.78
2026-01-28,Smart Watch,Electronics,North,282.46,5,1412.29
2026-06-21,Laptop Pro,Electronics,West,1350.74,5,6753.69
2026-03-25,Mouse Pro,Audio,East,70.99,2,141.99
2026-04-02,Gaming Console,Accessories,Central,390.99,4,1563.97
2026-05-27,Gaming Console,Computers,South,511.16,2,1022.33
2026-01-31,Smart Watch,Computers,North,347.19,3,1041.56
2026-05-02,Laptop Pro,Accessories,West,1169.25,2,2338.5
2026-03-10,External SSD,Audio,North,174.16,1,174.16
2026-05-04,Laptop Pro,Accessories,East,1356.87,3,4070.62
2026-06-18,Tablet Air,Accessories,North,408.94,4,1635.75
2026-05-04,External SSD,Audio,East,185.73,4,742.94
2026-07-04,Smartphone X,Gaming,East,711.42,3,2134.25
2026-03-17,Monitor Ultra,Gaming,South,332.52,4,1330.07
2026-06-28,External SSD,Audio,Central,197.65,2,395.3
2026-05-05,Mouse Pro,Gaming,West,73.83,2,147.65
2026-04-27,Smart Watch,Accessories,East,342.34,1,342.34
2026-05-17,Gaming Console,Accessories,East,393.59,1,393.59
2026-03-10,Laptop Pro,Accessories,East,1038.74,3,3116.21
2026-05-21,Laptop Pro,Audio,West,1305.39,4,5221.58
2026-01-25,Laptop Pro,Accessories,East,981.77,2,1963.53
2026-06-13,Laptop Pro,Accessories,South,1027.53,3,3082.59
2026-06-03,Smart Watch,Computers,North,290.83,1,290.83
2026-01-28,Tablet Air,Electronics,North,467.19,2,934.39
2026-06-20,Laptop Pro,Audio,West,1126.64,2,2253.27
2026-07-09,Monitor Ultra,Electronics,West,401.75,5,2008.75
2026-07-05,Gaming Console,Gaming,North,495.36,1,495.36
2026-07-09,Smartphone X,Computers,Central,804.4,4,3217.61
2026-03-17,Smartphone X,Computers,West,928.13,5,4640.65
2026-06-24,External SSD,Accessories,Central,219.64,4,878.57
2026-01-18,Keyboard Mech,Electronics,East,124.05,1,124.05
2026-03-19,Tablet Air,Accessories,South,480.04,3,1440.12
2026-05-26,Keyboard Mech,Audio,South,127.73,3,383.19
2026-04-02,Monitor Ultra,Audio,East,368.5,2,737.01
2026-03-06,Keyboard Mech,Accessories,East,120.22,4,480.86
2026-05-13,Gaming Console,Electronics,North,364.56,5,1822.79
2026-04-28,Smart Watch,Accessories,South,279.11,5,1395.55
2026-04-19,Laptop Pro,Gaming,East,1240.76,4,4963.03
2026-04-22,Wireless Earbuds,Electronics,North,132.06,4,528.24
2026-02-23,Keyboard Mech,Computers,West,131.35,4,525.41
2026-03-01,Laptop Pro,Audio,South,1108.08,2,2216.16
2026-03-08,Smartphone X,Gaming,West,695.94,1,695.94
2026-04-29,Monitor Ultra,Audio,Central,310.45,3,931.35
2026-06-22,Smart Watch,Computers,North,261.17,2,522.34
2026-03-26,Wireless Earbuds,Electronics,Central,132.97,4,531.89
2026-01-18,External SSD,Electronics,East,231.3,3,693.89
2026-02-07,Monitor Ultra,Accessories,Central,307.54,4,1230.16
2026-03-19,Keyboard Mech,Gaming,North,116.07,3,348.2
2026-05-26,External SSD,Audio,North,181.43,5,907.15
2026-06-20,Keyboard Mech,Computers,Central,136.43,2,272.85
2026-05-29,Monitor Ultra,Computers,South,297.05,1,297.05
2026-05-14,Wireless Earbuds,Gaming,North,139.17,4,556.68
2026-04-12,Keyboard Mech,Electronics,Central,137.54,4,550.17
2026-02-03,Keyboard Mech,Gaming,West,136.42,1,136.42
2026-03-14,Tablet Air,Electronics,Central,503.02,2,1006.03
2026-06-22,Tablet Air,Electronics,West,413.13,1,413.13
2026-03-30,Keyboard Mech,Audio,East,132.22,4,528.9
2026-03-02,Wireless Earbuds,Computers,West,163.48,5,817.42
2026-03-21,Wireless Earbuds,Accessories,East,177.1,5,885.52
2026-02-22,External SSD,Computers,North,232.52,1,232.52
2026-06-16,Monitor Ultra,Electronics,North,417.05,1,417.05
2026-03-24,Monitor Ultra,Audio,West,413.64,5,2068.22
2026-06-20,Mouse Pro,Gaming,Central,94.8,3,284.4
2026-03-23,Smartphone X,Gaming,Central,683.06,5,3415.3
2026-06-07,Laptop Pro,Electronics,North,1242.68,2,2485.36
2026-02-13,Gaming Console,Electronics,East,393.05,3,1179.16
2026-03-04,Monitor Ultra,Accessories,South,319.33,4,1277.31
2026-05-27,Smartphone X,Audio,East,717.32,3,2151.96
2026-06-01,Gaming Console,Electronics,Central,420.35,4,1681.4
2026-01-29,Smartphone X,Computers,Central,693.94,5,3469.72
2026-03-07,Keyboard Mech,Electronics,East,120.29,5,601.44
2026-05-13,Laptop Pro,Computers,East,1276.56,1,1276.56
2026-04-14,External SSD,Accessories,Central,181.27,1,181.27
2026-06-08,Mouse Pro,Accessories,West,76.32,2,152.64
2026-03-13,Wireless Earbuds,Audio,North,177.05,1,177.05
2026-02-14,External SSD,Gaming,West,195.16,5,975.78
2026-04-26,Mouse Pro,Computers,West,82.44,4,329.75
2026-05-05,Smart Watch,Computers,Central,244.63,5,1223.14
2026-05-31,Monitor Ultra,Computers,Central,281.88,4,1127.5
2026-04-06,Tablet Air,Accessories,South,497.07,1,497.07
2026-06-02,Smartphone X,Accessories,South,791.21,1,791.21
2026-03-05,Gaming Console,Accessories,East,532.76,3,1598.28
2026-06-02,Laptop Pro,Computers,West,964.71,3,2894.14
2026-05-12,Smartphone X,Accessories,West,920.67,1,920.67
2026-05-03,External SSD,Accessories,South,229.35,1,229.35
2026-06-07,Keyboard Mech,Computers,East,122.36,5,611.82
2026-05-21,Gaming Console,Accessories,East,404.69,4,1618.75
2026-05-23,Keyboard Mech,Computers,South,129.9,4,519.6
2026-06-13,Smartphone X,Gaming,Central,950.38,1,950.38
2026-03-29,Wireless Earbuds,Audio,Central,170.69,5,853.45
2026-06-02,Gaming Console,Computers,South,429.4,3,1288.19
2026-05-15,Monitor Ultra,Electronics,West,401.95,5,2009.74
2026-04-13,Wireless Earbuds,Accessories,South,171.53,5,857.65
2026-04-29,Keyboard Mech,Computers,East,113.05,4,452.19
2026-05-11,Gaming Console,Audio,South,492.13,2,984.25
2026-02-13,Mouse Pro,Accessories,East,82.16,4,328.64
2026-06-07,Smart Watch,Accessories,East,243.78,5,1218.92
2026-05-31,Tablet Air,Electronics,Central,476.54,4,1906.17
2026-06-07,Tablet Air,Audio,Central,491.53,3,1474.58
2026-03-25,Smartphone X,Audio,South,938.99,4,3755.95
2026-05-22,Keyboard Mech,Computers,Central,119.03,2,238.06
2026-07-02,Gaming Console,Electronics,Central,533.7,3,1601.11
2026-03-29,Laptop Pro,Audio,Central,1164.15,3,3492.44
2026-06-27,External SSD,Accessories,West,214.74,3,644.23
2026-03-24,Smart Watch,Accessories,North,315.54,4,1262.17
2026-03-26,Wireless Earbuds,Audio,East,162.49,2,324.99
2026-04-29,Gaming Console,Audio,East,431.53,1,431.53
2026-02-22,Tablet Air,Accessories,East,515.01,4,2060.04
2026-04-06,Gaming Console,Gaming,West,376.71,2,753.43
2026-07-11,Wireless Earbuds,Computers,East,149.44,3,448.33
2026-05-31,Laptop Pro,Electronics,Central,991.13,5,4955.65
2026-05-23,Tablet Air,Gaming,Central,469.15,4,1876.61
2026-05-24,Wireless Earbuds,Accessories,East,129.29,5,646.44
2026-05-25,Monitor Ultra,Computers,Central,377.79,2,755.58
2026-02-12,Laptop Pro,Audio,Central,1382.83,1,1382.83
2026-05-03,Smart Watch,Gaming,Central,313.54,1,313.54
2026-03-15,Keyboard Mech,Gaming,North,130.95,3,392.85
2026-02-18,Smart Watch,Accessories,North,247.78,2,495.56
2026-06-28,Monitor Ultra,Computers,North,281.11,2,562.23
2026-06-17,External SSD,Gaming,South,222.53,4,890.1
2026-04-14,Laptop Pro,Accessories,North,1161.3,1,1161.3
2026-04-02,Wireless Earbuds,Accessories,West,166.4,3,499.21
2026-05-02,Gaming Console,Computers,East,467.89,3,1403.68
2026-03-03,Tablet Air,Audio,North,417.09,4,1668.38
2026-03-13,External SSD,Electronics,North,207.1,2,414.19
2026-04-09,Laptop Pro,Computers,West,1143.43,3,3430.29
2026-04-27,Keyboard Mech,Electronics,Central,134.46,1,134.46
2026-03-28,Mouse Pro,Audio,North,70.12,3,210.35
2026-03-07,Mouse Pro,Computers,North,65.04,5,325.22
2026-03-05,Smartphone X,Computers,West,958.28,5,4791.4
2026-01-26,Laptop Pro,Gaming,South,1273.0,3,3819.0
2026-07-01,Tablet Air,Gaming,West,472.29,1,472.29
2026-06-28,Keyboard Mech,Computers,East,126.13,3,378.4
2026-05-04,Smart Watch,Accessories,South,242.62,5,1213.12
2026-04-17,Gaming Console,Accessories,West,497.99,5,2489.94
2026-02-18,Tablet Air,Computers,Central,460.14,2,920.29
2026-07-05,Smart Watch,Audio,East,310.48,3,931.45
2026-05-10,Smartphone X,Electronics,Central,678.34,4,2713.36
2026-04-11,Mouse Pro,Audio,East,75.97,4,303.89
2026-02-28,Gaming Console,Accessories,East,380.22,3,1140.67
2026-05-14,Tablet Air,Computers,Central,533.17,4,2132.67
2026-04-04,Gaming Console,Electronics,Central,433.39,1,433.39
2026-05-21,Wireless Earbuds,Electronics,East,160.23,3,480.7
2026-03-11,Mouse Pro,Audio,North,66.46,4,265.83
2026-04-14,Mouse Pro,Gaming,South,79.28,1,79.28
2026-04-17,Tablet Air,Electronics,North,407.78,5,2038.92
2026-07-02,Wireless Earbuds,Electronics,East,134.68,3,404.03
2026-04-21,Smartphone X,Accessories,West,853.13,1,853.13
2026-05-15,Mouse Pro,Electronics,North,92.04,2,184.08
2026-03-09,Smart Watch,Audio,Central,300.23,1,300.23
2026-05-16,Tablet Air,Audio,Central,442.95,1,442.95
2026-07-06,Gaming Console,Audio,North,518.25,1,518.25
2026-06-15,Gaming Console,Gaming,Central,507.68,5,2538.41
2026-04-23,Gaming Console,Accessories,Central,425.41,1,425.41
2026-05-25,Smartphone X,Computers,East,794.8,3,2384.4
2026-02-12,Smart Watch,Computers,South,281.01,3,843.03
2026-05-04,Tablet Air,Computers,North,501.17,2,1002.33
2026-03-30,Tablet Air,Electronics,North,504.33,5,2521.65
2026-03-31,External SSD,Electronics,East,227.38,5,1136.88
2026-07-03,Wireless Earbuds,Audio,South,178.95,5,894.75
2026-05-30,Wireless Earbuds,Gaming,North,167.16,1,167.16
2026-03-28,Mouse Pro,Computers,West,89.01,4,356.03
2026-07-03,Laptop Pro,Audio,Central,1434.4,1,1434.4
2026-05-12,Monitor Ultra,Accessories,Central,409.65,3,1228.94
2026-05-29,Laptop Pro,Electronics,Central,1278.32,1,1278.32
2026-06-12,Laptop Pro,Computers,North,1271.55,4,5086.22
2026-01-19,Tablet Air,Accessories,Central,465.74,3,1397.22
2026-04-06,Gaming Console,Computers,Central,518.71,3,1556.13
2026-03-25,Laptop Pro,Gaming,North,1078.96,1,1078.96
2026-01-18,Monitor Ultra,Accessories,Central,290.47,2,580.93
2026-06-17,Monitor Ultra,Audio,West,324.38,5,1621.91
2026-02-12,Keyboard Mech,Gaming,Central,142.55,4,570.2
2026-06-22,Tablet Air,Accessories,Central,582.14,1,582.14
2026-03-29,Smartphone X,Gaming,East,794.9,5,3974.48
2026-05-19,Smart Watch,Audio,North,246.46,4,985.83
2026-02-23,Gaming Console,Audio,West,380.15,2,760.31
2026-04-09,Monitor Ultra,Electronics,Central,386.74,5,1933.68
2026-01-19,Keyboard Mech,Computers,Central,130.27,2,260.55
2026-06-22,External SSD,Electronics,South,226.12,1,226.12
2026-05-28,Tablet Air,Electronics,South,417.9,4,1671.61
2026-05-09,Smartphone X,Audio,West,783.86,1,783.86
2026-02-17,Keyboard Mech,Gaming,Central,134.53,5,672.64
2026-05-22,Laptop Pro,Electronics,East,1342.85,5,6714.27
2026-06-12,External SSD,Accessories,West,204.7,2,409.41
2026-07-10,Tablet Air,Gaming,West,543.63,1,543.63
2026-04-11,Wireless Earbuds,Audio,South,133.96,1,133.96
2026-07-12,Keyboard Mech,Accessories,Central,134.07,1,134.07
2026-05-22,Laptop Pro,Gaming,North,1404.15,4,5616.59
2026-03-15,Gaming Console,Accessories,East,453.84,2,907.68
2026-01-25,Laptop Pro,Audio,Central,1056.9,4,4227.58
2026-02-18,Tablet Air,Accessories,East,517.91,5,2589.57
2026-04-22,Gaming Console,Audio,East,457.74,5,2288.69
2026-03-08,Smartphone X,Audio,North,901.94,2,1803.87
2026-04-17,Tablet Air,Gaming,North,509.95,4,2039.82
2026-03-27,Tablet Air,Electronics,Central,471.65,3,1414.96
2026-06-03,Smart Watch,Electronics,Central,307.83,5,1539.15
2026-02-18,Keyboard Mech,Audio,South,108.08,1,108.08
2026-04-11,Monitor Ultra,Gaming,South,362.96,1,362.96
2026-05-02,Laptop Pro,Computers,Central,1195.38,3,3586.15
2026-03-06,Tablet Air,Accessories,West,541.88,5,2709.4
2026-05-15,Smart Watch,Audio,East,241.08,1,241.08
2026-07-05,Smart Watch,Electronics,North,325.93,2,651.87
2026-06-24,Smartphone X,Accessories,South,644.37,1,644.37
2026-07-06,Keyboard Mech,Computers,East,123.92,4,495.68
2026-04-02,Smart Watch,Gaming,North,260.85,3,782.56
2026-04-22,Tablet Air,Gaming,West,446.41,5,2232.04
2026-07-06,Smartphone X,Audio,Central,869.92,4,3479.66
2026-06-28,Laptop Pro,Audio,South,975.44,1,975.44
2026-02-16,Tablet Air,Audio,East,465.37,3,1396.12
2026-05-03,Tablet Air,Computers,East,575.45,1,575.45
2026-01-20,Keyboard Mech,Computers,East,134.59,5,672.93
2026-05-02,External SSD,Gaming,North,235.27,1,235.27
2026-02-01,Tablet Air,Electronics,West,598.42,3,1795.26
2026-05-29,External SSD,Computers,Central,211.05,5,1055.27
2026-06-05,Smartphone X,Accessories,South,892.71,2,1785.42
2026-02-04,External SSD,Audio,East,226.9,5,1134.5
2026-03-04,Smartphone X,Computers,West,808.93,2,1617.86
2026-04-14,Laptop Pro,Gaming,Central,1203.85,4,4815.41
2026-05-02,Monitor Ultra,Accessories,North,327.45,5,1637.27
2026-01-21,Mouse Pro,Accessories,Central,89.71,4,358.85
2026-01-27,Smart Watch,Gaming,West,303.75,1,303.75
2026-05-02,Wireless Earbuds,Accessories,West,157.54,1,157.54
2026-04-27,Keyboard Mech,Accessories,East,131.85,2,263.71
2026-06-14,Wireless Earbuds,Audio,West,177.17,1,177.17
2026-03-05,Tablet Air,Accessories,South,545.2,1,545.2
2026-06-13,Smart Watch,Audio,West,243.47,3,730.4
2026-01-19,Gaming Console,Accessories,Central,431.76,5,2158.8
2026-04-02,Smart Watch,Gaming,East,342.32,3,1026.97
2026-02-10,Tablet Air,Gaming,East,597.58,5,2987.91
2026-03-14,Wireless Earbuds,Accessories,Central,125.06,5,625.28
2026-05-10,Laptop Pro,Gaming,South,1346.62,4,5386.47
2026-06-15,Gaming Console,Gaming,North,439.7,5,2198.48
2026-03-20,Mouse Pro,Accessories,East,79.2,2,158.41
2026-04-23,Smartphone X,Electronics,South,752.93,1,752.93
2026-03-13,Monitor Ultra,Computers,West,294.42,4,1177.66
2026-05-19,Smartphone X,Accessories,West,818.25,5,4091.27
2026-03-07,Laptop Pro,Audio,East,1346.21,5,6731.03
2026-02-22,Tablet Air,Electronics,North,483.24,3,1449.72
2026-01-22,Keyboard Mech,Electronics,Central,137.86,5,689.32
2026-04-12,Laptop Pro,Gaming,West,1215.43,5,6077.16
2026-04-12,Wireless Earbuds,Accessories,North,155.41,3,466.22
2026-04-29,Laptop Pro,Computers,West,1250.78,4,5003.11
2026-02-27,Laptop Pro,Accessories,West,1343.06,2,2686.11
2026-02-09,Wireless Earbuds,Audio,West,168.13,5,840.67
2026-03-28,Mouse Pro,Electronics,West,78.37,4,313.49
2026-06-08,Tablet Air,Audio,West,404.88,5,2024.41
2026-07-11,Keyboard Mech,Computers,North,100.29,2,200.58
2026-06-29,Smartphone X,Accessories,South,685.01,1,685.01
2026-06-10,Laptop Pro,Computers,South,1182.02,3,3546.07
2026-07-02,Gaming Console,Computers,East,482.36,2,964.73
2026-05-02,Tablet Air,Audio,South,591.1,2,1182.2
2026-05-06,Laptop Pro,Electronics,West,1304.71,2,2609.42
2026-03-03,Laptop Pro,Electronics,East,1206.51,4,4826.05
2026-01-21,Monitor Ultra,Computers,East,327.53,5,1637.67
2026-05-14,Smart Watch,Accessories,Central,277.7,4,1110.79
2026-03-13,Monitor Ultra,Computers,Central,326.88,3,980.63
2026-01-21,Tablet Air,Computers,South,474.71,5,2373.54
2026-05-07,Gaming Console,Electronics,East,508.52,2,1017.04
2026-02-24,Gaming Console,Computers,South,495.99,3,1487.96
2026-03-23,Monitor Ultra,Gaming,East,324.76,2,649.52
2026-04-11,Mouse Pro,Gaming,South,65.82,4,263.27
2026-01-22,Laptop Pro,Computers,South,1417.37,2,2834.73
2026-05-20,Mouse Pro,Audio,South,70.51,5,352.55
2026-06-01,Laptop Pro,Accessories,Central,1174.33,3,3522.98
2026-05-15,Keyboard Mech,Electronics,South,104.38,5,521.91
2026-03-17,Smartphone X,Computers,Central,866.89,2,1733.79
2026-01-15,Mouse Pro,Electronics,Central,93.33,2,186.65
2026-06-13,Keyboard Mech,Computers,South,115.39,2,230.77
2026-02-18,Wireless Earbuds,Accessories,North,157.66,2,315.32
2026-04-06,Gaming Console,Electronics,East,412.32,2,824.64
2026-07-09,Laptop Pro,Computers,North,1239.5,2,2479.0
2026-03-13,Keyboard Mech,Audio,Central,127.15,2,254.3
2026-03-04,Wireless Earbuds,Gaming,East,179.94,4,719.75
2026-05-18,Laptop Pro,Accessories,Central,1207.7,3,3623.09
2026-02-02,Mouse Pro,Electronics,Central,94.14,3,282.42
2026-05-18,Monitor Ultra,Gaming,West,395.78,3,1187.33
2026-02-27,Smart Watch,Gaming,West,284.84,2,569.67
2026-01-17,Tablet Air,Computers,West,598.39,1,598.39
2026-06-10,Smart Watch,Gaming,East,320.4,2,640.79
2026-02-07,Monitor Ultra,Electronics,West,316.8,5,1584.0
2026-05-31,Laptop Pro,Electronics,East,1236.86,4,4947.44
2026-01-27,Wireless Earbuds,Gaming,East,123.47,1,123.47
2026-01-26,External SSD,Accessories,East,184.35,4,737.39
2026-01-19,Wireless Earbuds,Audio,East,155.42,1,155.42
2026-01-26,Smart Watch,Computers,North,285.18,5,1425.9
2026-02-27,Mouse Pro,Gaming,Central,73.94,3,221.83
2026-06-19,Laptop Pro,Electronics,Central,1059.93,3,3179.8
2026-07-11,Tablet Air,Gaming,West,416.84,3,1250.52
2026-04-20,Keyboard Mech,Computers,East,131.34,2,262.68
2026-01-15,External SSD,Computers,Central,198.13,3,594.4
2026-05-16,Mouse Pro,Gaming,West,89.82,1,89.82
2026-05-29,Laptop Pro,Audio,South,1113.15,5,5565.73
2026-03-16,Keyboard Mech,Computers,West,122.69,2,245.39
2026-02-04,Keyboard Mech,Audio,West,123.21,4,492.83
2026-03-28,Mouse Pro,Accessories,North,65.57,5,327.85
2026-01-23,External SSD,Computers,North,226.76,2,453.51
2026-07-03,Keyboard Mech,Computers,North,105.28,5,526.4
2026-07-11,Monitor Ultra,Computers,South,300.21,5,1501.04
2026-04-14,Laptop Pro,Audio,North,1156.36,1,1156.36
2026-06-29,Wireless Earbuds,Accessories,South,139.38,1,139.38
2026-04-16,Wireless Earbuds,Computers,West,167.99,1,167.99
2026-07-04,Keyboard Mech,Gaming,South,129.12,2,258.25
2026-03-26,Mouse Pro,Electronics,North,77.6,5,388.01
2026-05-30,Smartphone X,Audio,East,916.61,5,4583.04
2026-02-05,Gaming Console,Audio,North,429.58,2,859.16
2026-04-25,Smartphone X,Gaming,West,954.07,3,2862.21
2026-03-23,Laptop Pro,Gaming,South,1068.15,1,1068.15
2026-03-02,Gaming Console,Electronics,North,506.91,4,2027.66
2026-03-10,Smart Watch,Electronics,East,259.98,4,1039.92
2026-04-09,Mouse Pro,Electronics,Central,82.47,3,247.42
2026-07-12,External SSD,Electronics,East,189.16,2,378.33
2026-04-24,Monitor Ultra,Gaming,South,325.56,1,325.56
2026-03-19,Monitor Ultra,Gaming,South,393.65,1,393.65
2026-02-07,Wireless Earbuds,Audio,West,162.06,1,162.06
2026-07-04,Wireless Earbuds,Computers,West,168.28,2,336.56
2026-06-20,Keyboard Mech,Electronics,East,96.94,3,290.81
2026-05-07,Keyboard Mech,Accessories,East,105.21,4,420.85
2026-01-24,External SSD,Gaming,South,235.24,1,235.24
2026-04-16,Gaming Console,Computers,North,486.11,2,972.22
2026-03-31,Tablet Air,Accessories,Central,592.76,1,592.76
2026-02-19,Smartphone X,Audio,South,778.84,3,2336.53
2026-02-27,Smart Watch,Audio,West,334.46,3,1003.39
2026-05-14,Tablet Air,Audio,East,451.71,3,1355.14
2026-06-10,Keyboard Mech,Gaming,South,119.89,5,599.47
2026-04-28,Keyboard Mech,Electronics,South,129.75,5,648.73
2026-05-20,Wireless Earbuds,Computers,East,145.8,3,437.4
2026-02-20,Tablet Air,Audio,East,463.55,5,2317.75
2026-04-28,Gaming Console,Accessories,North,424.34,4,1697.34
2026-02-07,Mouse Pro,Audio,North,78.73,4,314.91
2026-05-25,Gaming Console,Gaming,East,435.11,4,1740.45
2026-05-08,Tablet Air,Accessories,Central,433.64,5,2168.21
2026-02-26,Laptop Pro,Electronics,West,1388.7,4,5554.81
2026-05-26,Mouse Pro,Computers,West,91.07,2,182.14
2026-06-01,Smartphone X,Computers,South,953.76,5,4768.81
2026-03-29,Mouse Pro,Computers,Central,92.49,5,462.43
2026-04-30,External SSD,Accessories,South,229.72,4,918.88
2026-03-14,Mouse Pro,Accessories,South,75.73,4,302.92
2026-06-22,Smartphone X,Gaming,Central,933.74,2,1867.49
2026-04-07,Tablet Air,Audio,North,571.38,5,2856.9
2026-01-14,Laptop Pro,Computers,North,1301.16,4,5204.64
2026-03-05,External SSD,Gaming,North,220.77,1,220.77
2026-06-10,Laptop Pro,Computers,North,1247.32,4,4989.27
2026-02-07,Mouse Pro,Electronics,Central,83.98,4,335.94
2026-04-23,Mouse Pro,Gaming,West,85.27,4,341.1
2026-04-18,External SSD,Gaming,Central,185.49,3,556.48
2026-06-22,Keyboard Mech,Gaming,Central,127.01,1,127.01
2026-03-26,Gaming Console,Accessories,East,446.05,4,1784.19
2026-03-14,Tablet Air,Gaming,North,525.85,4,2103.42
2026-06-20,External SSD,Gaming,West,173.82,4,695.28
2026-06-09,Tablet Air,Electronics,South,509.37,2,1018.75
2026-07-08,Wireless Earbuds,Electronics,North,150.39,1,150.39
2026-06-25,Monitor Ultra,Electronics,South,365.62,1,365.62
2026-02-18,Gaming Console,Gaming,Central,513.55,5,2567.76
2026-02-25,Gaming Console,Gaming,West,440.38,4,1761.53
2026-05-19,Monitor Ultra,Electronics,Central,344.43,2,688.85
2026-01-31,External SSD,Computers,Central,184.98,3,554.93
2026-04-05,Monitor Ultra,Computers,South,299.03,5,1495.15
2026-01-31,Mouse Pro,Computers,Central,84.61,5,423.03
2026-05-27,Wireless Earbuds,Gaming,Central,144.93,1,144.93
2026-06-25,Wireless Earbuds,Accessories,West,163.37,1,163.37
2026-05-03,Wireless Earbuds,Gaming,North,164.02,5,820.12
2026-02-19,Gaming Console,Computers,Central,499.04,3,1497.13
2026-05-25,Gaming Console,Computers,North,474.03,1,474.03
2026-05-24,Wireless Earbuds,Electronics,West,153.0,4,612.01
2026-06-24,Laptop Pro,Computers,South,1360.81,4,5443.23
2026-01-18,Laptop Pro,Accessories,South,1104.85,1,1104.85
2026-03-01,Gaming Console,Accessories,Central,419.57,4,1678.27
2026-04-08,Smartphone X,Computers,North,818.32,5,4091.58
2026-06-25,Monitor Ultra,Accessories,Central,319.06,3,957.17
2026-04-20,Laptop Pro,Electronics,Central,1104.77,5,5523.84
2026-02-22,Laptop Pro,Audio,Central,1394.64,3,4183.93
2026-04-11,Laptop Pro,Gaming,Central,1418.81,5,7094.04
2026-04-14,Laptop Pro,Accessories,South,1001.05,1,1001.05
2026-03-16,Mouse Pro,Accessories,North,69.17,1,69.17
2026-01-21,Mouse Pro,Accessories,West,74.7,3,224.11
2026-06-08,External SSD,Accessories,North,203.35,2,406.71
2026-01-16,Laptop Pro,Computers,West,1405.11,1,1405.11
2026-06-15,Laptop Pro,Electronics,Central,1215.66,2,2431.32
2026-04-19,External SSD,Computers,Central,231.08,2,462.17
2026-04-12,External SSD,Computers,East,214.15,2,428.3
2026-04-01,External SSD,Audio,South,189.87,2,379.74
2026-02-28,Monitor Ultra,Electronics,South,372.84,4,1491.38
2026-01-25,Gaming Console,Computers,Central,428.74,3,1286.23
2026-05-17,Smartphone X,Gaming,East,848.94,4,3395.76
2026-01-20,Laptop Pro,Computers,South,1219.53,2,2439.07
2026-06-05,Gaming Console,Computers,Central,485.04,5,2425.2
2026-04-27,Gaming Console,Gaming,West,390.28,2,780.57
2026-04-09,Monitor Ultra,Electronics,East,348.57,2,697.15
2026-06-14,Laptop Pro,Gaming,East,1247.99,3,3743.97
2026-03-01,Keyboard Mech,Computers,South,99.75,3,299.24
2026-05-20,Gaming Console,Gaming,North,420.36,3,1261.08
2026-05-21,Smart Watch,Computers,Central,357.11,4,1428.43
2026-02-27,External SSD,Audio,South,189.64,2,379.28
2026-03-30,Smartphone X,Computers,Central,686.95,4,2747.81
2026-04-05,Keyboard Mech,Computers,West,132.05,4,528.19
2026-03-19,Wireless Earbuds,Gaming,East,171.08,5,855.39
2026-05-25,Smart Watch,Computers,North,266.34,3,799.01
2026-04-13,Monitor Ultra,Computers,North,298.02,4,1192.06
2026-04-02,External SSD,Gaming,North,171.75,2,343.51
2026-05-04,Wireless Earbuds,Accessories,East,149.38,2,298.76
2026-04-08,Smartphone X,Computers,East,705.41,2,1410.82
2026-01-20,External SSD,Gaming,East,236.03,3,708.1
2026-05-29,Tablet Air,Gaming,South,453.99,1,453.99
2026-03-18,Tablet Air,Accessories,West,466.6,2,933.21
2026-06-13,Gaming Console,Computers,Central,521.73,4,2086.9
2026-06-26,Smartphone X,Electronics,North,761.47,5,3807.33
2026-03-18,Tablet Air,Computers,West,579.06,5,2895.31
2026-03-21,Mouse Pro,Accessories,South,69.48,3,208.43
2026-03-31,Smart Watch,Computers,Central,259.05,1,259.05
2026-02-06,Smartphone X,Computers,East,837.04,4,3348.17
2026-03-29,Smartphone X,Computers,South,904.69,4,3618.76
2026-03-05,Laptop Pro,Gaming,Central,1126.01,3,3378.03
2026-04-23,Monitor Ultra,Gaming,East,320.83,3,962.48
2026-03-25,External SSD,Computers,East,225.31,5,1126.57
2026-07-04,Gaming Console,Audio,South,438.27,1,438.27
2026-07-09,Mouse Pro,Gaming,North,64.94,2,129.89
2026-03-17,Monitor Ultra,Accessories,Central,307.09,1,307.09
2026-04-16,Smart Watch,Accessories,East,358.03,5,1790.16
2026-06-26,Smartphone X,Audio,South,657.81,1,657.81
2026-04-07,Smartphone X,Electronics,West,927.1,5,4635.48
2026-05-06,Mouse Pro,Electronics,East,69.83,2,139.66
2026-04-01,Wireless Earbuds,Electronics,North,154.65,3,463.96
2026-01-28,Gaming Console,Accessories,North,418.63,3,1255.89
2026-03-13,Smart Watch,Audio,West,270.72,1,270.72
2026-06-23,Tablet Air,Audio,East,584.96,2,1169.93
2026-01-23,Tablet Air,Accessories,East,499.02,2,998.04
2026-05-23,Keyboard Mech,Accessories,East,134.35,5,671.77
2026-06-11,Laptop Pro,Computers,West,1434.0,5,7170.01
2026-06-15,Tablet Air,Accessories,West,561.35,2,1122.7
2026-02-02,Smart Watch,Audio,Central,326.42,3,979.25
2026-06-02,Keyboard Mech,Gaming,West,137.97,1,137.97
2026-03-12,Gaming Console,Gaming,West,508.93,1,508.93
2026-04-18,Mouse Pro,Audio,South,77.58,5,387.91
2026-06-11,Wireless Earbuds,Accessories,North,121.42,3,364.27
2026-02-07,External SSD,Electronics,South,224.66,3,673.99
2026-04-27,Tablet Air,Electronics,East,597.0,2,1194.0
2026-07-08,Mouse Pro,Gaming,Central,69.27,1,69.27
2026-03-09,Keyboard Mech,Gaming,Central,126.51,2,253.03
2026-04-27,Keyboard Mech,Computers,Central,98.46,4,393.84
2026-03-07,Tablet Air,Accessories,West,576.74,4,2306.96
2026-05-07,Wireless Earbuds,Audio,West,168.81,4,675.23
2026-03-09,Tablet Air,Electronics,East,456.3,2,912.59
2026-01-22,Mouse Pro,Electronics,East,88.16,1,88.16
2026-01-17,Smartphone X,Computers,East,858.37,4,3433.46
2026-01-15,Wireless Earbuds,Computers,Central,147.67,2,295.33
2026-07-01,Tablet Air,Gaming,North,485.56,2,971.12
2026-01-30,Monitor Ultra,Electronics,East,284.1,2,568.19
2026-04-23,Monitor Ultra,Accessories,East,289.76,1,289.76
2026-07-02,Tablet Air,Gaming,Central,571.79,1,571.79
2026-04-22,Laptop Pro,Computers,East,1166.99,4,4667.97
2026-04-26,Smartphone X,Accessories,North,788.78,5,3943.88
2026-04-30,Gaming Console,Audio,West,497.99,1,497.99
2026-01-15,Keyboard Mech,Accessories,East,130.73,4,522.9
2026-05-01,Tablet Air,Accessories,West,463.32,4,1853.29
2026-05-01,External SSD,Electronics,West,210.24,1,210.24
2026-06-16,Laptop Pro,Gaming,East,1363.42,3,4090.26
2026-06-20,Smartphone X,Accessories,South,664.31,5,3321.57
2026-03-02,Monitor Ultra,Gaming,West,376.19,2,752.38
2026-01-29,Gaming Console,Audio,South,433.24,2,866.48
2026-04-21,Tablet Air,Electronics,North,495.7,1,495.7
2026-02-18,Wireless Earbuds,Electronics,West,165.31,2,330.62
2026-06-01,Tablet Air,Computers,East,518.33,2,1036.66
2026-06-19,Gaming Console,Computers,West,390.3,2,780.6
2026-03-02,Smart Watch,Computers,East,243.33,4,973.31
2026-04-16,Wireless Earbuds,Accessories,West,153.45,5,767.27
2026-04-01,Monitor Ultra,Computers,West,347.59,1,347.59
2026-06-28,Smart Watch,Electronics,Central,344.26,3,1032.79
2026-03-29,Wireless Earbuds,Gaming,East,121.76,2,243.53
2026-06-02,Laptop Pro,Gaming,South,1188.81,3,3566.44
2026-01-28,Monitor Ultra,Electronics,East,321.97,1,321.97
2026-06-01,Tablet Air,Gaming,East,503.09,3,1509.27
2026-01-15,Gaming Console,Gaming,East,407.3,5,2036.49
2026-03-19,Gaming Console,Accessories,Central,523.16,4,2092.65
2026-04-22,Mouse Pro,Computers,South,68.0,2,135.99
2026-05-17,Keyboard Mech,Accessories,Central,110.17,2,220.34
2026-05-10,Mouse Pro,Accessories,South,65.85,5,329.23
2026-04-12,Monitor Ultra,Electronics,South,301.67,4,1206.68
2026-04-09,Monitor Ultra,Audio,North,280.56,4,1122.22
2026-05-13,Keyboard Mech,Electronics,West,106.47,2,212.95
2026-03-11,Monitor Ultra,Gaming,North,339.35,4,1357.39
2026-02-09,Wireless Earbuds,Computers,South,177.3,5,886.5
2026-05-07,External SSD,Audio,East,163.43,4,653.7
2026-06-15,Laptop Pro,Electronics,Central,1007.34,1,1007.34
2026-05-13,Mouse Pro,Gaming,South,78.88,5,394.4
2026-02-14,External SSD,Electronics,West,236.77,4,947.06
2026-04-21,Smart Watch,Accessories,West,330.51,4,1322.05
2026-05-05,Tablet Air,Gaming,Central,432.95,2,865.9
2026-06-28,External SSD,Gaming,North,239.89,5,1199.46
2026-04-05,Laptop Pro,Gaming,North,1132.85,4,4531.4
2026-03-11,Gaming Console,Gaming,East,486.59,4,1946.36
2026-04-30,Tablet Air,Computers,South,552.58,4,2210.33
2026-06-09,Smartphone X,Computers,West,724.18,3,2172.53
2026-06-27,Gaming Console,Audio,North,537.62,1,537.62
2026-03-06,Keyboard Mech,Accessories,South,106.57,5,532.86
2026-02-16,Mouse Pro,Gaming,North,82.76,2,165.52
2026-02-04,Keyboard Mech,Gaming,South,122.96,5,614.82
2026-05-08,Mouse Pro,Accessories,South,84.0,3,252.01
2026-05-02,Smart Watch,Computers,Central,271.16,5,1355.79
2026-01-22,Monitor Ultra,Electronics,North,403.89,1,403.89
2026-06-25,Keyboard Mech,Electronics,North,115.38,3,346.14
2026-03-29,Wireless Earbuds,Computers,Central,136.78,5,683.92
2026-04-17,Monitor Ultra,Gaming,South,388.13,4,1552.52
2026-01-20,Wireless Earbuds,Audio,East,140.42,2,280.83
2026-05-25,Wireless Earbuds,Computers,East,150.39,5,751.96
2026-03-18,External SSD,Electronics,West,198.86,1,198.86
2026-06-15,Mouse Pro,Computers,Central,85.59,3,256.78
2026-05-09,Mouse Pro,Accessories,Central,77.59,3,232.76
2026-05-06,External SSD,Electronics,West,200.99,2,401.98
2026-07-12,Tablet Air,Gaming,East,586.95,2,1173.89
2026-04-27,External SSD,Gaming,North,191.36,3,574.09
2026-04-03,Keyboard Mech,Electronics,East,103.38,3,310.14
2026-06-25,Keyboard Mech,Computers,West,128.66,1,128.66
2026-05-25,Mouse Pro,Gaming,South,64.41,2,128.81
2026-06-30,Tablet Air,Gaming,South,598.22,3,1794.66
2026-06-18,Keyboard Mech,Audio,East,120.98,2,241.95
2026-06-05,Smart Watch,Gaming,South,263.55,2,527.09
2026-03-15,Mouse Pro,Gaming,West,87.65,1,87.65
2026-04-27,Laptop Pro,Audio,South,1008.34,2,2016.69
2026-02-16,Mouse Pro,Gaming,North,89.48,1,89.48
2026-07-04,Smart Watch,Audio,Central,320.56,4,1282.24
2026-04-14,Monitor Ultra,Accessories,Central,398.27,4,1593.09
2026-03-10,External SSD,Computers,Central,220.51,4,882.05
2026-01-21,Wireless Earbuds,Gaming,Central,160.13,4,640.52
2026-04-18,Tablet Air,Electronics,South,565.26,2,1130.51
2026-06-28,Smart Watch,Audio,West,343.04,1,343.04
2026-04-04,Smart Watch,Gaming,West,240.14,1,240.14
2026-06-09,External SSD,Computers,Central,235.08,2,470.16
2026-04-19,Wireless Earbuds,Computers,West,154.02,2,308.04
2026-02-21,Wireless Earbuds,Audio,South,124.52,1,124.52
2026-06-01,External SSD,Computers,Central,208.87,5,1044.36
2026-03-26,Mouse Pro,Accessories,North,75.71,5,378.57
2026-05-12,Keyboard Mech,Gaming,North,121.6,2,243.19
2026-05-09,Smart Watch,Electronics,Central,296.6,4,1186.39
2026-02-07,External SSD,Electronics,South,214.82,5,1074.1
2026-01-17,Mouse Pro,Electronics,North,72.22,4,288.89
2026-01-20,Wireless Earbuds,Computers,East,148.59,4,594.37
2026-06-21,Gaming Console,Gaming,East,417.62,2,835.24
2026-01-20,Mouse Pro,Audio,West,90.0,3,269.99
2026-02-09,External SSD,Computers,East,189.8,4,759.21
2026-05-14,External SSD,Accessories,West,196.2,3,588.6
2026-03-25,Gaming Console,Accessories,East,377.71,2,755.42
2026-07-11,Monitor Ultra,Computers,Central,362.09,2,724.19
2026-03-19,Smart Watch,Audio,East,299.39,1,299.39
2026-06-15,Gaming Console,Gaming,East,447.88,2,895.77
2026-05-10,Smart Watch,Electronics,West,304.02,5,1520.09
2026-03-02,Keyboard Mech,Gaming,Central,134.86,5,674.28
2026-04-23,Smart Watch,Accessories,South,304.56,5,1522.81
2026-03-20,External SSD,Audio,South,191.69,2,383.37
2026-06-03,Tablet Air,Gaming,West,439.38,1,439.38
2026-02-24,External SSD,Gaming,West,228.54,5,1142.72
2026-02-15,External SSD,Computers,North,162.95,3,488.84
2026-03-02,Laptop Pro,Electronics,South,1242.65,3,3727.95
2026-02-19,Monitor Ultra,Audio,North,342.11,1,342.11
2026-06-09,Smart Watch,Computers,East,301.94,4,1207.76
2026-03-18,Keyboard Mech,Audio,South,125.06,1,125.06
2026-06-22,Smartphone X,Audio,East,709.64,2,1419.28
2026-06-04,Wireless Earbuds,Gaming,East,122.29,5,611.44
2026-06-22,Tablet Air,Accessories,North,470.36,5,2351.8
2026-06-14,Keyboard Mech,Gaming,East,96.07,3,288.21
2026-06-23,Laptop Pro,Accessories,North,1284.42,4,5137.69
2026-02-22,Monitor Ultra,Audio,South,324.07,3,972.2
2026-06-12,Wireless Earbuds,Gaming,Central,123.61,3,370.82
2026-05-04,Gaming Console,Accessories,South,531.44,5,2657.18
2026-04-06,Gaming Console,Audio,East,416.27,2,832.54
2026-04-02,Smart Watch,Computers,Central,272.29,3,816.88
2026-03-15,Tablet Air,Accessories,North,521.9,1,521.9
2026-02-10,Wireless Earbuds,Audio,South,149.94,3,449.83
2026-02-20,Wireless Earbuds,Audio,South,154.89,5,774.43
2026-01-27,External SSD,Computers,North,171.03,1,171.03
2026-05-21,Smart Watch,Audio,North,302.41,1,302.41
2026-01-25,Smart Watch,Audio,Central,284.89,2,569.78
2026-03-30,Smartphone X,Gaming,West,806.04,4,3224.15
2026-06-01,External SSD,Accessories,North,224.79,2,449.57
2026-02-12,Keyboard Mech,Gaming,North,96.03,3,288.08
2026-05-03,Wireless Earbuds,Audio,West,143.74,3,431.21
2026-01-29,Mouse Pro,Accessories,Central,87.77,1,87.77
2026-05-21,Gaming Console,Computers,West,464.38,5,2321.9
2026-06-14,Smart Watch,Computers,West,266.58,1,266.58
2026-05-10,Smart Watch,Accessories,South,340.07,4,1360.28
2026-01-19,Tablet Air,Gaming,West,459.45,1,459.45
2026-03-07,Gaming Console,Gaming,South,534.17,4,2136.67
2026-02-15,Tablet Air,Computers,Central,583.22,2,1166.45
2026-04-25,Laptop Pro,Computers,Central,960.73,1,960.73
